,TF-IDF
espn,0.45503789433173114
victories,0.45503789433173114
oscar,0.4342563263116346
historic,0.4342563263116346
netflix,0.27903350519176157
amazon,0.2577037645328124
and,0.19365110926966714
for,0.16417136219687758
pointing,0.0
policy,0.0
pollution,0.0
pogue,0.0
politics,0.0
political,0.0
polished,0.0
point,0.0
police,0.0
policies,0.0
points,0.0
polaroid,0.0
poodles,0.0
poker,0.0
pokemon,0.0
poke,0.0
poison,0.0
poised,0.0
pony,0.0
000,0.0
poof,0.0
poet,0.0
postponed,0.0
posting,0.0
post,0.0
possible,0.0
possession,0.0
positive,0.0
portfolio,0.0
portal,0.0
pornstar,0.0
porn,0.0
porat,0.0
populism,0.0
popularity,0.0
popular,0.0
pops,0.0
pope,0.0
pop,0.0
poor,0.0
poop,0.0
pools,0.0
poaches,0.0
pocket,0.0
poaching,0.0
play,0.0
platform,0.0
plastic,0.0
plants,0.0
plant,0.0
plans,0.0
planning,0.0
planes,0.0
plane,0.0
plan,0.0
plaintiff,0.0
plagued,0.0
plague,0.0
places,0.0
place,0.0
pizzas,0.0
pizza,0.0
pixel,0.0
pivotal,0.0
playbook,0.0
playdom,0.0
player,0.0
plug,0.0
pot,0.0
pluto,0.0
plus,0.0
plunges,0.0
plunged,0.0
plunge,0.0
plummets,0.0
plummet,0.0
plot,0.0
players,0.0
pledges,0.0
pledge,0.0
please,0.0
pleas,0.0
pleads,0.0
playstation,0.0
plays,0.0
playing,0.0
posts,0.0
potus,0.0
potassium,0.0
printer,0.0
private,0.0
privacy,0.0
priv,0.0
prisma,0.0
prism,0.0
priority,0.0
prints,0.0
printing,0.0
printed,0.0
pro,0.0
prince,0.0
prime,0.0
pricing,0.0
pricier,0.0
pricey,0.0
prices,0.0
priceline,0.0
price,0.0
prize,0.0
prob,0.0
preview,0.0
professes,0.0
program,0.0
profits,0.0
profitless,0.0
profitable,0.0
profitability,0.0
profit,0.0
profiles,0.0
professional,0.0
products,0.0
probably,0.0
productivity,0.0
product,0.0
procrastinator,0.0
proceed,0.0
problems,0.0
problem,0.0
probes,0.0
probe,0.0
previews,0.0
prevent,0.0
potential,0.0
powerful,0.0
precarious,0.0
pre,0.0
prank,0.0
praises,0.0
practices,0.0
pr,0.0
powers,0.0
powerhouse,0.0
powered,0.0
prediction,0.0
power,0.0
pours,0.0
pouring,0.0
pour,0.0
pounded,0.0
pound,0.0
pitfalls,0.0
potter,0.0
predict,0.0
predictions,0.0
prevails,0.0
preps,0.0
pretty,0.0
pretend,0.0
pressured,0.0
pressure,0.0
press,0.0
presidential,0.0
president,0.0
presidency,0.0
preparing,0.0
prefer,0.0
prepares,0.0
prepared,0.0
prepare,0.0
prepaid,0.0
prep,0.0
prenup,0.0
premium,0.0
premarkets,0.0
pits,0.0
pitchforks,0.0
pitching,0.0
partners,0.0
parties,0.0
part,0.0
parsons,0.0
parliament,0.0
parkinson,0.0
park,0.0
paris,0.0
parents,0.0
parental,0.0
parent,0.0
pare,0.0
paramount,0.0
paralysis,0.0
paradise,0.0
parachute,0.0
papers,0.0
papa,0.0
pants,0.0
panic,0.0
partner,0.0
partnerships,0.0
programmers,0.0
parts,0.0
pause,0.0
paula,0.0
paul,0.0
patti,0.0
pattern,0.0
patrol,0.0
patriotic,0.0
patrick,0.0
patients,0.0
path,0.0
patents,0.0
patent,0.0
past,0.0
passwords,0.0
password,0.0
passes,0.0
pass,0.0
partying,0.0
party,0.0
panel,0.0
pandora,0.0
panda,0.0
panasonic,0.0
ownership,0.0
owners,0.0
owner,0.0
own,0.0
owe,0.0
overwhelmingly,0.0
overvalued,0.0
overtakes,0.0
overtake,0.0
overstock,0.0
overshares,0.0
overshadows,0.0
oversee,0.0
overseas,0.0
overland,0.0
overhauls,0.0
overhaul,0.0
overconfident,0.0
overcoming,0.0
owning,0.0
owns,0.0
oxycontin,0.0
paging,0.0
panama,0.0
paltalk,0.0
palmer,0.0
palm,0.0
pakistan,0.0
pains,0.0
pain,0.0
paid,0.0
pages,0.0
pace,0.0
page,0.0
pad,0.0
pact,0.0
packard,0.0
packages,0.0
package,0.0
pack,0.0
paces,0.0
pausing,0.0
pave,0.0
paving,0.0
pets,0.0
picks,0.0
picking,0.0
pickers,0.0
pick,0.0
pichette,0.0
pichai,0.0
picasso,0.0
picasa,0.0
photoshop,0.0
photos,0.0
photography,0.0
photo,0.0
phony,0.0
phones,0.0
phone,0.0
phishing,0.0
philippines,0.0
pharrell,0.0
pharma,0.0
picture,0.0
pictures,0.0
piece,0.0
pins,0.0
pitch,0.0
pirates,0.0
pirated,0.0
piracy,0.0
pipe,0.0
pipa,0.0
pioneer,0.0
pinterest,0.0
pink,0.0
pieces,0.0
pining,0.0
pimp,0.0
pimco,0.0
pilot,0.0
pill,0.0
piles,0.0
pile,0.0
piigs,0.0
pewdiepie,0.0
peter,0.0
pawlenty,0.0
personally,0.0
peek,0.0
peeing,0.0
pedophiles,0.0
pedestrians,0.0
pebble,0.0
peat,0.0
peaked,0.0
peak,0.0
pcs,0.0
pc,0.0
paywall,0.0
pays,0.0
paypal,0.0
payoff,0.0
payments,0.0
payment,0.0
paying,0.0
payday,0.0
pay,0.0
penalty,0.0
pence,0.0
pendinglarry,0.0
period,0.0
personal,0.0
person,0.0
persist,0.0
persian,0.0
permanent,0.0
perks,0.0
perkins,0.0
perk,0.0
performing,0.0
pennsylvania,0.0
perfect,0.0
percent,0.0
per,0.0
pepsi,0.0
pepper,0.0
people,0.0
penthouse,0.0
pentagon,0.0
programmer,0.0
programs,0.0
programming,0.0
researchers,0.0
research,0.0
rescue,0.0
require,0.0
requests,0.0
request,0.0
reputation,0.0
republicans,0.0
reptiles,0.0
reps,0.0
representing,0.0
reports,0.0
reporting,0.0
reportedly,0.0
reported,0.0
report,0.0
replies,0.0
replay,0.0
replacing,0.0
replace,0.0
researcher,0.0
reserve,0.0
overblown,0.0
reshaping,0.0
retire,0.0
rethinking,0.0
retailers,0.0
retail,0.0
resumes,0.0
resume,0.0
results,0.0
restricts,0.0
restrictions,0.0
restoring,0.0
restored,0.0
restore,0.0
rested,0.0
rest,0.0
responsible,0.0
resolution,0.0
resistant,0.0
resigns,0.0
resign,0.0
repeal,0.0
rep,0.0
reorganize,0.0
renters,0.0
rejoice,0.0
rejects,0.0
reinvents,0.0
reinvention,0.0
reinventing,0.0
reinvent,0.0
reinstates,0.0
reins,0.0
reindeer,0.0
rein,0.0
reigns,0.0
regulatory,0.0
regulators,0.0
regulator,0.0
regulation,0.0
regulate,0.0
regrets,0.0
registry,0.0
regional,0.0
rekindles,0.0
relations,0.0
release,0.0
removes,0.0
rental,0.0
rent,0.0
renews,0.0
renewable,0.0
renew,0.0
renames,0.0
renaissance,0.0
removing,0.0
remove,0.0
releases,0.0
remembers,0.0
remember,0.0
remarkable,0.0
remake,0.0
rely,0.0
reluctant,0.0
relies,0.0
relief,0.0
retirement,0.0
retires,0.0
retreat,0.0
ripoff,0.0
robot,0.0
robocalls,0.0
robert,0.0
roars,0.0
roaming,0.0
roads,0.0
roadblock,0.0
road,0.0
rivals,0.0
rivalry,0.0
rival,0.0
rite,0.0
risky,0.0
risks,0.0
risking,0.0
risk,0.0
rising,0.0
rises,0.0
rise,0.0
robotics,0.0
robots,0.0
rock,0.0
roller,0.0
rosy,0.0
room,0.0
rooftop,0.0
ron,0.0
romney,0.0
rometty,0.0
romance,0.0
rolls,0.0
roll,0.0
rocket,0.0
roles,0.0
role,0.0
roku,0.0
roils,0.0
roil,0.0
rocky,0.0
rockstarninja,0.0
rockets,0.0
ripping,0.0
rip,0.0
retreats,0.0
ring,0.0
revolution,0.0
revive,0.0
revival,0.0
revision,0.0
revises,0.0
reviews,0.0
review,0.0
reverses,0.0
reverse,0.0
reversal,0.0
revenue,0.0
revenge,0.0
reveals,0.0
revealed,0.0
reveal,0.0
revamps,0.0
revamp,0.0
returns,0.0
return,0.0
revolutionize,0.0
revolutions,0.0
reward,0.0
rides,0.0
rim,0.0
rile,0.0
rights,0.0
right,0.0
rig,0.0
rift,0.0
rifle,0.0
riding,0.0
ride,0.0
rewind,0.0
riddance,0.0
rid,0.0
richest,0.0
riches,0.0
richer,0.0
richard,0.0
rich,0.0
rhapsody,0.0
regain,0.0
refugees,0.0
refugee,0.0
punts,0.0
qualified,0.0
qualcomm,0.0
qqquestionable,0.0
qe3,0.0
qdoba,0.0
q3,0.0
q20,0.0
python,0.0
puzzle,0.0
putting,0.0
puts,0.0
put,0.0
pushing,0.0
pushes,0.0
push,0.0
purple,0.0
pure,0.0
purchases,0.0
purchase,0.0
quality,0.0
quantum,0.0
quarter,0.0
quietly,0.0
racer,0.0
race,0.0
qwikster,0.0
quits,0.0
quite,0.0
quit,0.0
quirk,0.0
quigo,0.0
quieter,0.0
quarterly,0.0
quickly,0.0
quick,0.0
questions,0.0
questioning,0.0
question,0.0
quest,0.0
quattro,0.0
quasi,0.0
puppy,0.0
punishes,0.0
racial,0.0
pummeled,0.0
protests,0.0
protest,0.0
protege,0.0
protector,0.0
protection,0.0
protect,0.0
prostitution,0.0
prosecutor,0.0
proposes,0.0
propose,0.0
proposal,0.0
proof,0.0
promoting,0.0
promote,0.0
promising,0.0
promises,0.0
projects,0.0
projected,0.0
project,0.0
prove,0.0
proves,0.0
provide,0.0
publicis,0.0
pulls,0.0
pulling,0.0
pulled,0.0
pullback,0.0
pull,0.0
publishers,0.0
publisher,0.0
publish,0.0
public,0.0
provider,0.0
psychics,0.0
psychic,0.0
psychiatrist,0.0
psst,0.0
proxy,0.0
provo,0.0
providing,0.0
providers,0.0
races,0.0
racist,0.0
reform,0.0
reader,0.0
recipe,0.0
recharging,0.0
recharge,0.0
recession,0.0
recent,0.0
recalls,0.0
rebuild,0.0
rebrands,0.0
rebounds,0.0
rebound,0.0
rebirth,0.0
reasons,0.0
reason,0.0
realtime,0.0
really,0.0
reality,0.0
real,0.0
ready,0.0
reading,0.0
reclaims,0.0
recognition,0.0
recommendations,0.0
reddit,0.0
refocus,0.0
referring,0.0
referendum,0.0
reduce,0.0
redistribute,0.0
redesigns,0.0
redesigned,0.0
redesign,0.0
redbox,0.0
record,0.0
red,0.0
recruitment,0.0
recruit,0.0
recovery,0.0
recovers,0.0
recover,0.0
records,0.0
recording,0.0
readies,0.0
read,0.0
radical,0.0
reacts,0.0
ramps,0.0
ralph,0.0
rally,0.0
rallies,0.0
rallied,0.0
rakes,0.0
raising,0.0
raises,0.0
raised,0.0
raise,0.0
rainbow,0.0
raimondo,0.0
raided,0.0
raid,0.0
raging,0.0
rages,0.0
rage,0.0
radio,0.0
radically,0.0
ran,0.0
ranking,0.0
ranks,0.0
ratings,0.0
react,0.0
reaches,0.0
reach,0.0
re,0.0
rdio,0.0
rbs,0.0
razr,0.0
ray,0.0
rating,0.0
rant,0.0
rather,0.0
rates,0.0
rated,0.0
rate,0.0
ratchets,0.0
rat,0.0
rare,0.0
rapleaf,0.0
overcame,0.0
outsold,0.0
over,0.0
made,0.0
malls,0.0
mall,0.0
male,0.0
making,0.0
makes,0.0
makers,0.0
maker,0.0
makeover,0.0
make,0.0
major,0.0
maintaining,0.0
mainstream,0.0
mail,0.0
magnet,0.0
magnate,0.0
magical,0.0
magic,0.0
mafia,0.0
madness,0.0
malone,0.0
malware,0.0
man,0.0
maps,0.0
marketplace,0.0
market,0.0
mark,0.0
marissa,0.0
maris,0.0
mario,0.0
march,0.0
marc,0.0
mapping,0.0
manage,0.0
map,0.0
many,0.0
manufacturing,0.0
manufacturers,0.0
mania,0.0
manhattan,0.0
mangia,0.0
management,0.0
madison,0.0
mad,0.0
marriage,0.0
macy,0.0
luckey,0.0
lucent,0.0
lt,0.0
loyal,0.0
lows,0.0
lowest,0.0
lowers,0.0
lowered,0.0
lower,0.0
low,0.0
loves,0.0
loved,0.0
love,0.0
lousy,0.0
lot,0.0
lost,0.0
losses,0.0
loss,0.0
losing,0.0
lucky,0.0
luke,0.0
lumia,0.0
lysol,0.0
macworld,0.0
macs,0.0
machines,0.0
machine,0.0
macbook,0.0
mac,0.0
ma,0.0
m8,0.0
lyrics,0.0
lumias,0.0
lying,0.0
lyft,0.0
ly,0.0
luxury,0.0
luring,0.0
lures,0.0
lunches,0.0
lunch,0.0
markets,0.0
marriott,0.0
losers,0.0
medalist,0.0
mentality,0.0
mend,0.0
men,0.0
memories,0.0
memoriam,0.0
memo,0.0
members,0.0
member,0.0
melinda,0.0
megan,0.0
meg,0.0
meetup,0.0
meets,0.0
meeting,0.0
meet,0.0
meebo,0.0
medium,0.0
mediocre,0.0
medicare,0.0
mercedes,0.0
merchandise,0.0
merge,0.0
met,0.0
microscope,0.0
micromax,0.0
microhoo,0.0
michigan,0.0
michael,0.0
methods,0.0
methbot,0.0
meteoric,0.0
messenger,0.0
merged,0.0
messaging,0.0
messages,0.0
message,0.0
mess,0.0
merry,0.0
merkel,0.0
mergers,0.0
merger,0.0
media,0.0
med,0.0
marrying,0.0
meat,0.0
maternity,0.0
matchmaker,0.0
match,0.0
mat,0.0
mastercard,0.0
master,0.0
massive,0.0
masses,0.0
massacre,0.0
mass,0.0
mason,0.0
mask,0.0
mashable,0.0
mary,0.0
marvel,0.0
martha,0.0
mart,0.0
marshmallow,0.0
mars,0.0
matt,0.0
mattel,0.0
matter,0.0
mbas,0.0
measures,0.0
measurement,0.0
measure,0.0
means,0.0
mean,0.0
me,0.0
mcdonald,0.0
mccartney,0.0
mba,0.0
matters,0.0
mayhem,0.0
mayer,0.0
maybe,0.0
may,0.0
maxim,0.0
mauled,0.0
maul,0.0
matthew,0.0
loses,0.0
loser,0.0
mid,0.0
lawsuits,0.0
leases,0.0
learns,0.0
learned,0.0
leap,0.0
leans,0.0
lean,0.0
leaked,0.0
leak,0.0
league,0.0
leads,0.0
leadership,0.0
leaders,0.0
leader,0.0
lead,0.0
lcd,0.0
lbj,0.0
lays,0.0
layoffs,0.0
lay,0.0
least,0.0
leave,0.0
leaves,0.0
lenovo,0.0
letter,0.0
lets,0.0
let,0.0
lessons,0.0
lesson,0.0
less,0.0
lesbian,0.0
lenses,0.0
lends,0.0
leaving,0.0
legs,0.0
lego,0.0
legalize,0.0
legal,0.0
left,0.0
lee,0.0
led,0.0
lebron,0.0
lawyers,0.0
lawsuit,0.0
level,0.0
lawns,0.0
landscape,0.0
lands,0.0
landmark,0.0
land,0.0
lake,0.0
laila,0.0
lags,0.0
lag,0.0
lady,0.0
ladies,0.0
laden,0.0
lackluster,0.0
lack,0.0
lacing,0.0
labs,0.0
labor,0.0
lab,0.0
la,0.0
kyncl,0.0
lane,0.0
language,0.0
languages,0.0
laughing,0.0
lawn,0.0
lawmakers,0.0
lawbreakers,0.0
law,0.0
launching,0.0
launches,0.0
launched,0.0
launch,0.0
laugh,0.0
laptop,0.0
lattes,0.0
latin,0.0
latest,0.0
later,0.0
late,0.0
last,0.0
lash,0.0
larry,0.0
letting,0.0
levi,0.0
lose,0.0
lived,0.0
logins,0.0
logic,0.0
log,0.0
loeb,0.0
lockup,0.0
locks,0.0
lock,0.0
location,0.0
locate,0.0
local,0.0
lobbying,0.0
lobby,0.0
loans,0.0
loads,0.0
lloyd,0.0
ll,0.0
livingsocial,0.0
living,0.0
lives,0.0
logitech,0.0
logo,0.0
logos,0.0
looks,0.0
los,0.0
lord,0.0
loosens,0.0
loose,0.0
loopholes,0.0
loophole,0.0
looms,0.0
looming,0.0
looking,0.0
lol,0.0
looked,0.0
look,0.0
longest,0.0
longer,0.0
long,0.0
lone,0.0
london,0.0
lollipop,0.0
lively,0.0
live,0.0
lg,0.0
little,0.0
likely,0.0
likeable,0.0
like,0.0
lights,0.0
lightning,0.0
lighting,0.0
lighter,0.0
light,0.0
lifts,0.0
lift,0.0
lifelike,0.0
life,0.0
lies,0.0
lick,0.0
licensing,0.0
license,0.0
library,0.0
liability,0.0
lgbt,0.0
likes,0.0
limbo,0.0
limit,0.0
linkup,0.0
literally,0.0
lite,0.0
lists,0.0
listing,0.0
list,0.0
lipstick,0.0
lions,0.0
lion,0.0
links,0.0
limited,0.0
linking,0.0
linkin,0.0
linkedin,0.0
line,0.0
lin,0.0
limps,0.0
limp,0.0
limits,0.0
microsoft,0.0
midday,0.0
outwitted,0.0
nope,0.0
nude,0.0
nuclear,0.0
nsa,0.0
nowhere,0.0
now,0.0
november,0.0
nov,0.0
nougat,0.0
notorious,0.0
notifies,0.0
notice,0.0
nothing,0.0
note,0.0
notches,0.0
notch,0.0
not,0.0
nosedives,0.0
nose,0.0
north,0.0
nukes,0.0
number,0.0
numbered,0.0
obscene,0.0
off,0.0
of,0.0
odd,0.0
oculus,0.0
october,0.0
oct,0.0
occupy,0.0
obsessed,0.0
objectifying,0.0
nuts,0.0
obeys,0.0
obamacare,0.0
obama,0.0
nyy,0.0
nyse,0.0
nyc,0.0
ny,0.0
nvidia,0.0
normal,0.0
nook,0.0
offensive,0.0
nonsense,0.0
nextel,0.0
next,0.0
newspapers,0.0
newspaper,0.0
news,0.0
newest,0.0
new,0.0
never,0.0
neutrality,0.0
networks,0.0
networking,0.0
network,0.0
net,0.0
nest,0.0
nervousness,0.0
nervous,0.0
nerds,0.0
nepal,0.0
negotiate,0.0
nexus,0.0
nfc,0.0
nfl,0.0
no,0.0
nonprofit,0.0
non,0.0
nominated,0.0
nokia,0.0
noise,0.0
nod,0.0
noble,0.0
nobel,0.0
nixes,0.0
ngo,0.0
nissan,0.0
nintendo,0.0
nikkei,0.0
nike,0.0
nights,0.0
nightmare,0.0
night,0.0
nice,0.0
offenders,0.0
offer,0.0
negative,0.0
opinion,0.0
os,0.0
orkut,0.0
original,0.0
org,0.0
orders,0.0
ordered,0.0
order,0.0
orbitz,0.0
orange,0.0
oracle,0.0
or,0.0
options,0.0
option,0.0
optimizely,0.0
optimistic,0.0
opt,0.0
oprah,0.0
opposition,0.0
opportunity,0.0
otellini,0.0
other,0.0
others,0.0
outfit,0.0
outspend,0.0
rough,0.0
outside,0.0
outsells,0.0
outraged,0.0
outrace,0.0
outperforming,0.0
outlook,0.0
outer,0.0
ouch,0.0
outduel,0.0
outdated,0.0
outcomes,0.0
outbreaks,0.0
outage,0.0
out,0.0
ousted,0.0
our,0.0
opponents,0.0
operation,0.0
offered,0.0
opentable,0.0
old,0.0
oktoberfest,0.0
oks,0.0
oklahoma,0.0
okay,0.0
ok,0.0
oily,0.0
oil,0.0
ohio,0.0
oh,0.0
offshore,0.0
offline,0.0
officials,0.0
officially,0.0
official,0.0
offices,0.0
office,0.0
offers,0.0
offering,0.0
olympic,0.0
olympics,0.0
om,0.0
only,0.0
opens,0.0
opening,0.0
open,0.0
opec,0.0
oops,0.0
onto,0.0
onslaught,0.0
onofrio,0.0
online,0.0
omgpop,0.0
onhub,0.0
oneplus,0.0
one,0.0
once,0.0
on,0.0
omniture,0.0
omnicom,0.0
ominous,0.0
negativity,0.0
needs,0.0
middle,0.0
mitt,0.0
moms,0.0
momentum,0.0
moments,0.0
moment,0.0
mold,0.0
mojo,0.0
mohammed,0.0
modular,0.0
modi,0.0
modestly,0.0
modest,0.0
modern,0.0
model,0.0
mode,0.0
mocks,0.0
mobility,0.0
mobileye,0.0
mobilegeddon,0.0
mobile,0.0
monday,0.0
money,0.0
monopoly,0.0
moonshots,0.0
mortgage,0.0
mortar,0.0
morphing,0.0
morning,0.0
morgan,0.0
more,0.0
morals,0.0
moral,0.0
moonshot,0.0
monster,0.0
moon,0.0
mooga,0.0
moody,0.0
mood,0.0
monty,0.0
months,0.0
monthly,0.0
month,0.0
mixed,0.0
mistakenly,0.0
mostly,0.0
mistake,0.0
millionaire,0.0
million,0.0
miller,0.0
millennials,0.0
millennial,0.0
mill,0.0
military,0.0
milestones,0.0
milestone,0.0
miles,0.0
mile,0.0
mild,0.0
mikey,0.0
mike,0.0
migrant,0.0
mighty,0.0
might,0.0
midlife,0.0
middleton,0.0
millionaires,0.0
millions,0.0
mimics,0.0
miserable,0.0
mission,0.0
missing,0.0
missile,0.0
misses,0.0
missed,0.0
miss,0.0
misery,0.0
misers,0.0
minutes,0.0
mind,0.0
mint,0.0
minorities,0.0
minister,0.0
minion,0.0
mining,0.0
minimum,0.0
mini,0.0
minds,0.0
most,0.0
motion,0.0
needed,0.0
musical,0.0
named,0.0
name,0.0
naked,0.0
nails,0.0
nail,0.0
nader,0.0
nadella,0.0
nabs,0.0
mystery,0.0
mysterious,0.0
myspace,0.0
myanmar,0.0
my,0.0
mutual,0.0
muted,0.0
mute,0.0
muster,0.0
must,0.0
muslim,0.0
names,0.0
naming,0.0
nanotechnology,0.0
nbc,0.0
need,0.0
necklace,0.0
necessity,0.0
nears,0.0
nearly,0.0
nearing,0.0
near,0.0
nds,0.0
nba,0.0
napster,0.0
nazi,0.0
navy,0.0
navigation,0.0
national,0.0
nation,0.0
nasty,0.0
nasdaq,0.0
narrowly,0.0
musk,0.0
music,0.0
moto,0.0
mushrooms,0.0
mpw,0.0
mpg,0.0
mozilla,0.0
moving,0.0
movies,0.0
moviegoers,0.0
movie,0.0
moves,0.0
movers,0.0
move,0.0
mouthwash,0.0
mouse,0.0
mourns,0.0
mourn,0.0
mounts,0.0
mounting,0.0
mountain,0.0
motto,0.0
motorola,0.0
mr,0.0
msn,0.0
mt,0.0
multiple,0.0
museum,0.0
muscle,0.0
murky,0.0
murdock,0.0
murdoch,0.0
murder,0.0
munger,0.0
multitasking,0.0
multi,0.0
mubarak,0.0
mulls,0.0
mulling,0.0
mull,0.0
mulally,0.0
muhammad,0.0
mug,0.0
muddle,0.0
much,0.0
rotation,0.0
roulette,0.0
roughly,0.0
tricks,0.0
tributes,0.0
tribune,0.0
tribe,0.0
trial,0.0
trends,0.0
trend,0.0
trek,0.0
tree,0.0
treats,0.0
treatment,0.0
treat,0.0
treasurys,0.0
treasury,0.0
treasuries,0.0
travel,0.0
trashes,0.0
trash,0.0
trap,0.0
transparency,0.0
trick,0.0
tricycle,0.0
unveils,0.0
tried,0.0
trump,0.0
true,0.0
trucks,0.0
truck,0.0
trouncing,0.0
trounces,0.0
troubles,0.0
trouble,0.0
trots,0.0
trolls,0.0
troll,0.0
triples,0.0
triple,0.0
trip,0.0
trim,0.0
trillion,0.0
triggers,0.0
trifecta,0.0
tries,0.0
translator,0.0
translate,0.0
transition,0.0
transgender,0.0
toyota,0.0
toy,0.0
town,0.0
touts,0.0
tourre,0.0
tour,0.0
toughest,0.0
tough,0.0
touchscreen,0.0
touchpad,0.0
touch,0.0
totally,0.0
toss,0.0
torch,0.0
tops,0.0
topples,0.0
topped,0.0
topeka,0.0
top,0.0
toys,0.0
track,0.0
tracked,0.0
trailer,0.0
transforms,0.0
transformative,0.0
transfers,0.0
transfer,0.0
transcript,0.0
trains,0.0
train,0.0
trails,0.0
trail,0.0
tracking,0.0
tragic,0.0
trafficking,0.0
traffic,0.0
tradition,0.0
trading,0.0
traders,0.0
trademark,0.0
trade,0.0
trumponomics,0.0
trumps,0.0
truth,0.0
uh,0.0
unequal,0.0
unemployment,0.0
unemployed,0.0
uneasy,0.0
unease,0.0
undo,0.0
undersea,0.0
underestimate,0.0
underdog,0.0
undercover,0.0
under,0.0
unclaimed,0.0
uncertainty,0.0
uncertain,0.0
un,0.0
ultra,0.0
ultimate,0.0
ulta,0.0
ukraine,0.0
unicorns,0.0
uniforms,0.0
union,0.0
unlocking,0.0
unveil,0.0
until,0.0
unspectacular,0.0
unshaken,0.0
unsellable,0.0
unreasonable,0.0
unprofitable,0.0
unoriginal,0.0
unlock,0.0
unique,0.0
unlimited,0.0
unlikely,0.0
university,0.0
universe,0.0
universal,0.0
united,0.0
unite,0.0
unit,0.0
uk,0.0
ugly,0.0
try,0.0
ugliest,0.0
turned,0.0
turnaround,0.0
turn,0.0
turkeys,0.0
turkey,0.0
turf,0.0
turbulence,0.0
turbo,0.0
turbines,0.0
tuning,0.0
tunes,0.0
tuned,0.0
tune,0.0
tumblr,0.0
tumbles,0.0
tumble,0.0
tuesdays,0.0
tuesday,0.0
trying,0.0
turning,0.0
turns,0.0
tv,0.0
twitch,0.0
ubers,0.0
uber,0.0
typo,0.0
type,0.0
twos,0.0
two,0.0
twitter,0.0
twitpic,0.0
twist,0.0
tvs,0.0
twilio,0.0
twice,0.0
twerking,0.0
twenty,0.0
tweets,0.0
tweeting,0.0
tweet,0.0
tweaks,0.0
tooth,0.0
tools,0.0
tool,0.0
team,0.0
tell,0.0
telescope,0.0
telegram,0.0
telcos,0.0
tegra,0.0
teens,0.0
teenage,0.0
teen,0.0
teddy,0.0
techtiquette,0.0
techs,0.0
technology,0.0
technologies,0.0
technical,0.0
techies,0.0
techapalooza,0.0
tech,0.0
teases,0.0
tear,0.0
tencent,0.0
tennessee,0.0
tense,0.0
terrorists,0.0
texts,0.0
text,0.0
texas,0.0
tests,0.0
testing,0.0
tested,0.0
test,0.0
tesla,0.0
terrorist,0.0
tepid,0.0
terrorism,0.0
terror,0.0
territory,0.0
terrifying,0.0
terrify,0.0
terrific,0.0
terrible,0.0
terms,0.0
teams,0.0
teaching,0.0
thanks,0.0
teaches,0.0
tanking,0.0
tank,0.0
tango,0.0
talks,0.0
talkpay,0.0
talking,0.0
talkie,0.0
talk,0.0
taliban,0.0
talent,0.0
tale,0.0
taking,0.0
takes,0.0
takers,0.0
takeover,0.0
takeoff,0.0
taken,0.0
take,0.0
tainted,0.0
tanks,0.0
taobao,0.0
tap,0.0
tattoo,0.0
teach,0.0
taylor,0.0
taxis,0.0
taxing,0.0
taxi,0.0
taxes,0.0
tax,0.0
taught,0.0
taskrabbit,0.0
tape,0.0
taser,0.0
targets,0.0
targeting,0.0
target,0.0
taps,0.0
tapped,0.0
tapes,0.0
taper,0.0
than,0.0
thanksgiving,0.0
took,0.0
thunder,0.0
timing,0.0
times,0.0
timeline,0.0
timelapses,0.0
time,0.0
tim,0.0
till,0.0
til,0.0
ties,0.0
tier,0.0
tied,0.0
tide,0.0
tidal,0.0
tickets,0.0
ticket,0.0
ticker,0.0
tiananmen,0.0
ti,0.0
thwart,0.0
tinder,0.0
tiny,0.0
tipping,0.0
toasters,0.0
too,0.0
tons,0.0
tone,0.0
tomorrow,0.0
tom,0.0
toll,0.0
together,0.0
today,0.0
toast,0.0
tips,0.0
to,0.0
tivo,0.0
titans,0.0
titanic,0.0
titan,0.0
tis,0.0
tired,0.0
tiptoe,0.0
thursday,0.0
thumps,0.0
that,0.0
throws,0.0
thin,0.0
thieves,0.0
thiel,0.0
thief,0.0
they,0.0
these,0.0
thermostat,0.0
theresa,0.0
there,0.0
theranos,0.0
theory,0.0
theories,0.0
then,0.0
themed,0.0
them,0.0
their,0.0
theaters,0.0
the,0.0
thaw,0.0
thing,0.0
things,0.0
think,0.0
three,0.0
throwing,0.0
through,0.0
throttling,0.0
thriving,0.0
thrives,0.0
thrive,0.0
thrilled,0.0
threw,0.0
threats,0.0
thinking,0.0
threatens,0.0
thousands,0.0
thought,0.0
those,0.0
thompson,0.0
this,0.0
third,0.0
thinks,0.0
unveiled,0.0
unwelcoming,0.0
kushner,0.0
wiping,0.0
wiped,0.0
wintel,0.0
wins,0.0
winning,0.0
winners,0.0
winner,0.0
wine,0.0
windows,0.0
windfall,0.0
wind,0.0
winamp,0.0
win,0.0
williams,0.0
william,0.0
willfully,0.0
will,0.0
wildly,0.0
wildlife,0.0
wild,0.0
wipeout,0.0
wired,0.0
up,0.0
wireless,0.0
wordpress,0.0
word,0.0
woo,0.0
wonderful,0.0
won,0.0
womennotobjects,0.0
women,0.0
woman,0.0
wolframalpha,0.0
wojcicki,0.0
woes,0.0
woe,0.0
wobbly,0.0
without,0.0
withdraws,0.0
with,0.0
witch,0.0
wishing,0.0
wish,0.0
wikipedia,0.0
wii,0.0
wifi,0.0
wi,0.0
western,0.0
weren,0.0
were,0.0
wepay,0.0
went,0.0
well,0.0
welcomes,0.0
welcome,0.0
weirdos,0.0
weirdest,0.0
weight,0.0
weighing,0.0
weighed,0.0
weigh,0.0
weibo,0.0
weeks,0.0
weekly,0.0
week,0.0
weed,0.0
whacks,0.0
what,0.0
whatsapp,0.0
whiteboard,0.0
why,0.0
whopping,0.0
whoopsie,0.0
wholly,0.0
whole,0.0
who,0.0
whiz,0.0
whitman,0.0
white,0.0
wheel,0.0
whiskey,0.0
whiplash,0.0
whimper,0.0
while,0.0
which,0.0
where,0.0
when,0.0
wheels,0.0
words,0.0
work,0.0
worker,0.0
yang,0.0
younger,0.0
young,0.0
you,0.0
yosemite,0.0
york,0.0
yodlee,0.0
yodeling,0.0
yo,0.0
yin,0.0
yield,0.0
yhoo,0.0
yet,0.0
yes,0.0
yelps,0.0
yelp,0.0
yellen,0.0
years,0.0
year,0.0
yawns,0.0
your,0.0
yourself,0.0
youth,0.0
zillow,0.0
zune,0.0
zucks,0.0
zuckerberg,0.0
zuck,0.0
zooms,0.0
zone,0.0
zombie,0.0
zip,0.0
zillionaires,0.0
youtube,0.0
zika,0.0
zerodium,0.0
zero,0.0
zany,0.0
zagat,0.0
z10,0.0
yum,0.0
youwho,0.0
yanks,0.0
yahoos,0.0
workers,0.0
yahoo,0.0
wreck,0.0
wows,0.0
wow,0.0
wounds,0.0
wouldn,0.0
would,0.0
worthy,0.0
worth,0.0
worst,0.0
worse,0.0
worries,0.0
worried,0.0
worms,0.0
worldwide,0.0
world,0.0
workweek,0.0
works,0.0
working,0.0
workforce,0.0
wretched,0.0
wrist,0.0
wristband,0.0
xi,0.0
ya,0.0
y2k,0.0
xprize,0.0
xperia,0.0
xp,0.0
xoom,0.0
xmas,0.0
xiaomi,0.0
xerox,0.0
write,0.0
xbox,0.0
wynn,0.0
wwe,0.0
wwdc,0.0
wtf,0.0
wronged,0.0
wrong,0.0
writedown,0.0
wednesday,0.0
wedding,0.0
websites,0.0
vending,0.0
viewers,0.0
view,0.0
videos,0.0
video,0.0
victorious,0.0
victoria,0.0
victims,0.0
vic,0.0
viacom,0.0
via,0.0
vets,0.0
veterans,0.0
veteran,0.0
very,0.0
version,0.0
verizon,0.0
verdict,0.0
ventures,0.0
venture,0.0
viewing,0.0
views,0.0
vilify,0.0
virtual,0.0
vista,0.0
visit,0.0
visionary,0.0
vision,0.0
visas,0.0
visa,0.0
virus,0.0
virtually,0.0
virginia,0.0
villages,0.0
virgin,0.0
viral,0.0
vip,0.0
violence,0.0
violations,0.0
violation,0.0
violates,0.0
vine,0.0
vengeance,0.0
vegas,0.0
vodafone,0.0
ve,0.0
use,0.0
usb,0.0
usage,0.0
usa,0.0
us,0.0
urmson,0.0
urges,0.0
urgency,0.0
urban,0.0
upset,0.0
uploaded,0.0
uphill,0.0
upgrades,0.0
upgrade,0.0
updating,0.0
updates,0.0
update,0.0
upcoming,0.0
upbeat,0.0
used,0.0
user,0.0
users,0.0
valued,0.0
vcs,0.0
vc,0.0
vatican,0.0
vanquishes,0.0
vanity,0.0
vanished,0.0
van,0.0
values,0.0
value,0.0
uses,0.0
valuations,0.0
valuable,0.0
valley,0.0
valentine,0.0
vacations,0.0
utility,0.0
utah,0.0
using,0.0
vocal,0.0
voice,0.0
website,0.0
warming,0.0
waters,0.0
water,0.0
watching,0.0
watches,0.0
watched,0.0
watch,0.0
wastler,0.0
waste,0.0
wasn,0.0
washout,0.0
washington,0.0
was,0.0
wary,0.0
wars,0.0
warren,0.0
warrant,0.0
warns,0.0
warning,0.0
warner,0.0
watson,0.0
wave,0.0
waves,0.0
weapons,0.0
webex,0.0
webcam,0.0
web,0.0
weather,0.0
wearers,0.0
wearables,0.0
wearable,0.0
wear,0.0
weapon,0.0
way,0.0
wealthy,0.0
wealth,0.0
weakness,0.0
weak,0.0
we,0.0
waze,0.0
ways,0.0
waymo,0.0
warn,0.0
warm,0.0
volkswagen,0.0
wards,0.0
wael,0.0
wading,0.0
wacky,0.0
vying,0.0
vw,0.0
vulnerable,0.0
vs,0.0
vr,0.0
vpns,0.0
voxer,0.0
vows,0.0
votes,0.0
voters,0.0
voter,0.0
vote,0.0
vonage,0.0
volvos,0.0
volunteers,0.0
volume,0.0
wage,0.0
wagering,0.0
wait,0.0
walloped,0.0
war,0.0
wants,0.0
wanted,0.0
want,0.0
wannabe,0.0
wanna,0.0
walmart,0.0
wallpaper,0.0
wallets,0.0
waiting,0.0
wallet,0.0
wall,0.0
walks,0.0
walkie,0.0
wal,0.0
wakes,0.0
wake,0.0
waits,0.0
tailor,0.0
tailers,0.0
tags,0.0
shipped,0.0
shiniest,0.0
shines,0.0
shifts,0.0
shift,0.0
shields,0.0
shield,0.0
shh,0.0
sheryl,0.0
shelves,0.0
shed,0.0
she,0.0
shazam,0.0
shatters,0.0
shatner,0.0
shat,0.0
sharing,0.0
shares,0.0
shareholders,0.0
shareholder,0.0
shipments,0.0
shipping,0.0
tag,0.0
ships,0.0
shouldn,0.0
should,0.0
shot,0.0
shortage,0.0
short,0.0
shoprunner,0.0
shopping,0.0
shoppers,0.0
shop,0.0
shoots,0.0
shooting,0.0
shooter,0.0
shoes,0.0
shoe,0.0
shodan,0.0
shocking,0.0
shocked,0.0
shock,0.0
shivers,0.0
shared,0.0
shareable,0.0
share,0.0
shaped,0.0
setting,0.0
sets,0.0
set,0.0
session,0.0
sesame,0.0
serving,0.0
services,0.0
service,0.0
serves,0.0
servers,0.0
server,0.0
serve,0.0
seriously,0.0
serious,0.0
series,0.0
sergey,0.0
sequoia,0.0
sequels,0.0
sequel,0.0
settings,0.0
settle,0.0
settlement,0.0
sgb,0.0
shape,0.0
shame,0.0
shallow,0.0
shaky,0.0
shakeup,0.0
shakes,0.0
shake,0.0
shade,0.0
sexy,0.0
settlements,0.0
sexually,0.0
sexual,0.0
sexism,0.0
sex,0.0
severe,0.0
severance,0.0
seventh,0.0
settles,0.0
show,0.0
showdown,0.0
showing,0.0
site,0.0
slam,0.0
slack,0.0
skyy,0.0
skyrockets,0.0
skypefest,0.0
skype,0.0
skybox,0.0
sky,0.0
skunkworks,0.0
skirting,0.0
skimping,0.0
skilled,0.0
skid,0.0
sketchy,0.0
skeptics,0.0
size,0.0
six,0.0
sitting,0.0
sits,0.0
slammed,0.0
slams,0.0
slap,0.0
slick,0.0
slipped,0.0
slip,0.0
sling,0.0
slim,0.0
slight,0.0
sliding,0.0
slides,0.0
slide,0.0
sleigh,0.0
slash,0.0
sleep,0.0
sleeker,0.0
sleek,0.0
sled,0.0
slated,0.0
slate,0.0
slashes,0.0
slashed,0.0
sites,0.0
sit,0.0
shown,0.0
sister,0.0
signals,0.0
signal,0.0
sign,0.0
sights,0.0
sight,0.0
siege,0.0
sides,0.0
sidelines,0.0
side,0.0
sickness,0.0
sick,0.0
shuts,0.0
shutdown,0.0
shut,0.0
shuns,0.0
shrugs,0.0
shrug,0.0
shrinking,0.0
shows,0.0
signs,0.0
silence,0.0
silicon,0.0
single,0.0
sirius,0.0
siri,0.0
sins,0.0
sinofsky,0.0
sinks,0.0
sink,0.0
sings,0.0
singles,0.0
singhal,0.0
simple,0.0
singh,0.0
sing,0.0
since,0.0
simpsons,0.0
simply,0.0
simplify,0.0
simplifiers,0.0
simpler,0.0
september,0.0
sept,0.0
sentence,0.0
sale,0.0
satya,0.0
satisfaction,0.0
satellites,0.0
satellite,0.0
sarkozy,0.0
santaphone,0.0
santa,0.0
sanergy,0.0
sandy,0.0
sandberg,0.0
san,0.0
samsung,0.0
same,0.0
salted,0.0
salt,0.0
salon,0.0
salesforce,0.0
salescrunch,0.0
sales,0.0
saucers,0.0
saudi,0.0
save,0.0
scammers,0.0
scariest,0.0
scared,0.0
scare,0.0
scapegoat,0.0
scans,0.0
scanning,0.0
scandal,0.0
scams,0.0
scam,0.0
saved,0.0
says,0.0
saying,0.0
say,0.0
savvy,0.0
savior,0.0
saving,0.0
saves,0.0
savers,0.0
salem,0.0
salary,0.0
scathing,0.0
salaries,0.0
run,0.0
rumors,0.0
rumored,0.0
rumor,0.0
ruling,0.0
rules,0.0
ruled,0.0
rule,0.0
ruined,0.0
rubin,0.0
rubble,0.0
rubbish,0.0
rt,0.0
royal,0.0
row,0.0
router,0.0
rout,0.0
roundup,0.0
round,0.0
running,0.0
rural,0.0
rush,0.0
saddened,0.0
saks,0.0
said,0.0
saga,0.0
sag,0.0
safety,0.0
safer,0.0
safe,0.0
safari,0.0
sad,0.0
russia,0.0
sachs,0.0
s6,0.0
s5,0.0
s4,0.0
ryan,0.0
ruth,0.0
rut,0.0
russian,0.0
scary,0.0
scene,0.0
sensor,0.0
secret,0.0
seismic,0.0
seinfeld,0.0
seesaws,0.0
seesaw,0.0
sees,0.0
seen,0.0
seem,0.0
seeks,0.0
seeking,0.0
seekers,0.0
seek,0.0
seeds,0.0
seeded,0.0
see,0.0
security,0.0
secure,0.0
sector,0.0
secrets,0.0
secretly,0.0
seizes,0.0
select,0.0
self,0.0
semitism,0.0
sense,0.0
seniors,0.0
sends,0.0
sending,0.0
sender,0.0
send,0.0
senators,0.0
senate,0.0
semis,0.0
selfie,0.0
semi,0.0
semel,0.0
sells,0.0
sellout,0.0
selloff,0.0
selling,0.0
sell,0.0
selfies,0.0
secretive,0.0
secrecy,0.0
schedule,0.0
seconds,0.0
screaming,0.0
scratch,0.0
scraps,0.0
scrap,0.0
scrambles,0.0
scott,0.0
scores,0.0
scorecard,0.0
score,0.0
scope,0.0
scoops,0.0
scolds,0.0
scientology,0.0
scientists,0.0
science,0.0
schools,0.0
school,0.0
schmidt,0.0
scheme,0.0
screeching,0.0
screen,0.0
screenplays,0.0
searches,0.0
secondmarket,0.0
second,0.0
secede,0.0
sec,0.0
seattle,0.0
seat,0.0
season,0.0
searching,0.0
searched,0.0
screens,0.0
search,0.0
seals,0.0
seacrest,0.0
sea,0.0
se,0.0
scuffle,0.0
scripts,0.0
screw,0.0
slippery,0.0
slips,0.0
slot,0.0
storage,0.0
stressed,0.0
strength,0.0
streets,0.0
street,0.0
streams,0.0
streamlining,0.0
streaming,0.0
streamed,0.0
stream,0.0
streak,0.0
strategy,0.0
stranger,0.0
strange,0.0
straight,0.0
story,0.0
storm,0.0
stories,0.0
stores,0.0
stored,0.0
stressful,0.0
strike,0.0
strikes,0.0
students,0.0
stupid,0.0
stunning,0.0
stumbles,0.0
stumble,0.0
stuff,0.0
study,0.0
studios,0.0
studio,0.0
student,0.0
string,0.0
stud,0.0
stuck,0.0
stubhub,0.0
struggling,0.0
struggles,0.0
struggle,0.0
stronger,0.0
strong,0.0
store,0.0
stops,0.0
sturdy,0.0
stopped,0.0
stewart,0.0
steve,0.0
steroids,0.0
sterity,0.0
stereotype,0.0
steps,0.0
stepping,0.0
stephen,0.0
step,0.0
steamrolls,0.0
steam,0.0
stealth,0.0
steals,0.0
stealing,0.0
steal,0.0
steady,0.0
stds,0.0
stays,0.0
stay,0.0
stick,0.0
sticker,0.0
stickier,0.0
stocks,0.0
stopmerkel,0.0
stop,0.0
stonewalling,0.0
stone,0.0
stolen,0.0
stole,0.0
stokes,0.0
stocktwits,0.0
stockpile,0.0
still,0.0
stockings,0.0
stocking,0.0
stock,0.0
stirs,0.0
stinks,0.0
stink,0.0
sting,0.0
stimulus,0.0
stupidity,0.0
style,0.0
states,0.0
surface,0.0
sweaty,0.0
swear,0.0
swatting,0.0
sustain,0.0
suspends,0.0
suspend,0.0
suspects,0.0
survivors,0.0
survivor,0.0
survived,0.0
survive,0.0
survey,0.0
surveillance,0.0
surprisingly,0.0
surprising,0.0
surprise,0.0
surges,0.0
surgery,0.0
surge,0.0
sweep,0.0
sweet,0.0
swift,0.0
syria,0.0
tackling,0.0
tackles,0.0
tackle,0.0
tablets,0.0
tablet,0.0
table,0.0
system,0.0
syrian,0.0
syncs,0.0
swing,0.0
sync,0.0
symantec,0.0
sxsw,0.0
sword,0.0
switch,0.0
swirl,0.0
swiper,0.0
swipe,0.0
surfaces,0.0
supreme,0.0
stylish,0.0
supremacy,0.0
suffer,0.0
sues,0.0
sued,0.0
sue,0.0
suddenly,0.0
sucked,0.0
suck,0.0
successor,0.0
successful,0.0
success,0.0
succeed,0.0
subscriptions,0.0
subscription,0.0
subscribers,0.0
subscriber,0.0
subscribe,0.0
subprime,0.0
subject,0.0
subdued,0.0
suffers,0.0
sugar,0.0
suggests,0.0
sunglasses,0.0
supports,0.0
support,0.0
suppliers,0.0
supplier,0.0
superhuman,0.0
supercomputer,0.0
super,0.0
sunroof,0.0
sunday,0.0
suicide,0.0
sundar,0.0
summit,0.0
summertime,0.0
summer,0.0
sukhinder,0.0
suits,0.0
suit,0.0
suing,0.0
stats,0.0
state,0.0
slow,0.0
so,0.0
something,0.0
someone,0.0
some,0.0
solve,0.0
solution,0.0
solid,0.0
soldier,0.0
sold,0.0
solarcity,0.0
solar,0.0
software,0.0
softness,0.0
soda,0.0
socially,0.0
socialism,0.0
social,0.0
soccer,0.0
soars,0.0
soaring,0.0
somethings,0.0
sometimes,0.0
somewhat,0.0
soup,0.0
spam,0.0
spain,0.0
spacex,0.0
space,0.0
southwest,0.0
south,0.0
source,0.0
sour,0.0
sought,0.0
son,0.0
sorta,0.0
sort,0.0
sorry,0.0
sopa,0.0
soon,0.0
sony,0.0
songza,0.0
song,0.0
soar,0.0
snowden,0.0
spamming,0.0
snoops,0.0
smartwatches,0.0
smartwatch,0.0
smartthings,0.0
smartphones,0.0
smartphone,0.0
smarter,0.0
smart,0.0
smallest,0.0
smaller,0.0
small,0.0
smacks,0.0
smackdown,0.0
slums,0.0
slumps,0.0
slump,0.0
slowly,0.0
slowing,0.0
slower,0.0
slowdown,0.0
smartwig,0.0
smell,0.0
smiling,0.0
snaps,0.0
snooping,0.0
snoop,0.0
snkrs,0.0
sneaky,0.0
sneaks,0.0
sneaking,0.0
snatched,0.0
snapshot,0.0
snapchat,0.0
smith,0.0
snap,0.0
snag,0.0
snafus,0.0
snafu,0.0
sms,0.0
smoothie,0.0
smoking,0.0
smoke,0.0
spammers,0.0
spar,0.0
starz,0.0
spotted,0.0
stagger,0.0
stagflation,0.0
stages,0.0
stage,0.0
staff,0.0
stabilization,0.0
st,0.0
squeezing,0.0
squeezed,0.0
square,0.0
squad,0.0
squabbling,0.0
spying,0.0
spurs,0.0
spur,0.0
sprint,0.0
spring,0.0
spree,0.0
spreading,0.0
stagnant,0.0
stake,0.0
stakes,0.0
star,0.0
startups,0.0
startup,0.0
starts,0.0
starting,0.0
started,0.0
start,0.0
stars,0.0
starbucks,0.0
staples,0.0
stalk,0.0
stanley,0.0
stanger,0.0
standstill,0.0
stands,0.0
standoff,0.0
standing,0.0
standards,0.0
stand,0.0
spread,0.0
spotlights,0.0
spare,0.0
spotlight,0.0
spend,0.0
spells,0.0
speedy,0.0
speeds,0.0
speed,0.0
speech,0.0
speculation,0.0
spectrum,0.0
spectacle,0.0
special,0.0
speaks,0.0
speakers,0.0
speak,0.0
spat,0.0
spartan,0.0
sparse,0.0
sparrow,0.0
sparks,0.0
spark,0.0
spending,0.0
spends,0.0
spherical,0.0
splits,0.0
spotify,0.0
sports,0.0
sporting,0.0
spooks,0.0
spooked,0.0
spoofing,0.0
spoilers,0.0
splurging,0.0
split,0.0
spike,0.0
splat,0.0
splash,0.0
spire,0.0
spinning,0.0
spine,0.0
spin,0.0
spill,0.0
spikes,0.0
kutcher,0.0
krzanich,0.0
kurzweil,0.0
causes,0.0
caucus,0.0
cats,0.0
caterpillar,0.0
catchup,0.0
catching,0.0
catches,0.0
catch,0.0
cat,0.0
casting,0.0
caste,0.0
cast,0.0
cassidy,0.0
casino,0.0
cashless,0.0
cashing,0.0
cashes,0.0
cash,0.0
cases,0.0
case,0.0
caught,0.0
caution,0.0
bonus,0.0
cautious,0.0
centers,0.0
center,0.0
cent,0.0
censorship,0.0
censors,0.0
censoring,0.0
censor,0.0
cellphone,0.0
cellebrite,0.0
cell,0.0
celebrity,0.0
celebrities,0.0
celebrates,0.0
celebrate,0.0
celeb,0.0
ceiling,0.0
cbs,0.0
caves,0.0
caveats,0.0
cartridge,0.0
cars,0.0
carry,0.0
carrier,0.0
cap,0.0
cannes,0.0
candy,0.0
candidates,0.0
candidate,0.0
cancer,0.0
canceled,0.0
canada,0.0
can,0.0
camps,0.0
campaign,0.0
cameron,0.0
cameras,0.0
camera,0.0
calories,0.0
calm,0.0
calls,0.0
callinicos,0.0
calling,0.0
capital,0.0
capitalism,0.0
capitalist,0.0
caring,0.0
carpooling,0.0
carplay,0.0
carpet,0.0
carolina,0.0
carol,0.0
carlyfiorina,0.0
carlos,0.0
carl,0.0
careful,0.0
capitalists,0.0
career,0.0
care,0.0
cards,0.0
cardiac,0.0
cardboard,0.0
card,0.0
car,0.0
capping,0.0
central,0.0
century,0.0
ceo,0.0
chernin,0.0
chokehold,0.0
choice,0.0
chocolate,0.0
chips,0.0
chipping,0.0
chipper,0.0
chipotle,0.0
chip,0.0
chinese,0.0
china,0.0
children,0.0
child,0.0
chiefs,0.0
chief,0.0
chicken,0.0
chicago,0.0
chic,0.0
chevron,0.0
chest,0.0
choose,0.0
chooses,0.0
choosing,0.0
chumps,0.0
citigroup,0.0
cities,0.0
citi,0.0
cisco,0.0
cigarettes,0.0
cia,0.0
churn,0.0
chunk,0.0
chrysler,0.0
chopping,0.0
chromecast,0.0
chromebooks,0.0
chromebook,0.0
chrome,0.0
christmas,0.0
chris,0.0
chore,0.0
choppy,0.0
chesapeake,0.0
chen,0.0
ceos,0.0
cheers,0.0
charged,0.0
charge,0.0
chapter,0.0
chaos,0.0
channel,0.0
changing,0.0
changes,0.0
changed,0.0
change,0.0
chance,0.0
champion,0.0
chamber,0.0
challenges,0.0
challenge,0.0
chairs,0.0
chairman,0.0
chair,0.0
cfo,0.0
ces,0.0
charges,0.0
charlie,0.0
charm,0.0
cheat,0.0
cheerleader,0.0
cheer,0.0
checkup,0.0
checkout,0.0
checking,0.0
check,0.0
cheats,0.0
cheaters,0.0
cheapskate,0.0
chart,0.0
cheapest,0.0
cheaper,0.0
cheap,0.0
chattanooga,0.0
chatbot,0.0
chat,0.0
chases,0.0
charts,0.0
called,0.0
call,0.0
california,0.0
bragging,0.0
breathing,0.0
breather,0.0
breath,0.0
breasts,0.0
breakup,0.0
breakthrough,0.0
breaks,0.0
breaking,0.0
breakfast,0.0
break,0.0
breaches,0.0
breached,0.0
breach,0.0
bratz,0.0
branson,0.0
brands,0.0
brand,0.0
brakes,0.0
brainstorm,0.0
brent,0.0
brewing,0.0
brews,0.0
bring,0.0
broadcast,0.0
broadband,0.0
britney,0.0
british,0.0
britannica,0.0
britain,0.0
brings,0.0
bringing,0.0
brin,0.0
brexit,0.0
bright,0.0
briefly,0.0
bridging,0.0
bridge,0.0
bridesmaid,0.0
brick,0.0
bribery,0.0
brian,0.0
brain,0.0
brady,0.0
broke,0.0
bracing,0.0
bosses,0.0
boss,0.0
bos,0.0
born,0.0
boring,0.0
borat,0.0
boot,0.0
boosts,0.0
boosters,0.0
boosted,0.0
boost,0.0
boomtown,0.0
booms,0.0
booming,0.0
boom,0.0
booksellers,0.0
books,0.0
bookless,0.0
book,0.0
bossy,0.0
boston,0.0
bot,0.0
bowl,0.0
braces,0.0
brace,0.0
bp,0.0
boyfriends,0.0
boy,0.0
boxes,0.0
box,0.0
bowling,0.0
bowie,0.0
both,0.0
boutique,0.0
bounty,0.0
bounce,0.0
boulder,0.0
bought,0.0
bottom,0.0
bottles,0.0
bots,0.0
broader,0.0
broken,0.0
calico,0.0
bungled,0.0
bust,0.0
businessmen,0.0
businesses,0.0
business,0.0
bush,0.0
buses,0.0
bus,0.0
burying,0.0
bursts,0.0
bursting,0.0
burst,0.0
burritos,0.0
burns,0.0
burned,0.0
bureau,0.0
burberry,0.0
buoyed,0.0
bunny,0.0
bunnies,0.0
busters,0.0
busy,0.0
but,0.0
by,0.0
calendar,0.0
calculates,0.0
cage,0.0
cafeteria,0.0
cafepress,0.0
cable,0.0
cabins,0.0
bypass,0.0
buzz,0.0
button,0.0
buys,0.0
buyout,0.0
buying,0.0
buyers,0.0
buyer,0.0
buyees,0.0
buyback,0.0
buy,0.0
bungling,0.0
bumpy,0.0
broker,0.0
bumps,0.0
buddies,0.0
bucks,0.0
buck,0.0
bubbly,0.0
bubbles,0.0
bubble,0.0
bs,0.0
brutal,0.0
brussels,0.0
bruising,0.0
bruised,0.0
browsing,0.0
browsers,0.0
browser,0.0
brought,0.0
brothers,0.0
brother,0.0
brooklyn,0.0
brokerage,0.0
budge,0.0
budget,0.0
buffett,0.0
bull,0.0
bump,0.0
bummed,0.0
bulls,0.0
bullish,0.0
bullied,0.0
bullhorn,0.0
bulletproof,0.0
bullet,0.0
bulk,0.0
buffs,0.0
bulgari,0.0
bulb,0.0
built,0.0
builds,0.0
building,0.0
build,0.0
bugs,0.0
bug,0.0
citing,0.0
citizen,0.0
citizens,0.0
creamed,0.0
critics,0.0
criticizes,0.0
criticized,0.0
criticism,0.0
critical,0.0
crisis,0.0
cripple,0.0
criminals,0.0
criminal,0.0
cricket,0.0
crib,0.0
creepy,0.0
creep,0.0
credit,0.0
creator,0.0
creative,0.0
creating,0.0
creates,0.0
created,0.0
crops,0.0
cross,0.0
crosshairs,0.0
cubs,0.0
currency,0.0
cure,0.0
curb,0.0
cup,0.0
cuomo,0.0
culture,0.0
cult,0.0
cues,0.0
cuban,0.0
crowd,0.0
csx,0.0
crystal,0.0
crushed,0.0
crush,0.0
crumble,0.0
cruise,0.0
crowds,0.0
crowdfunded,0.0
create,0.0
crazy,0.0
curry,0.0
craze,0.0
coup,0.0
counts,0.0
country,0.0
countries,0.0
count,0.0
couldn,0.0
could,0.0
couch,0.0
costumes,0.0
costs,0.0
cost,0.0
cosmo,0.0
cortana,0.0
correction,0.0
corrected,0.0
corporate,0.0
corp,0.0
corona,0.0
corner,0.0
couponers,0.0
courageous,0.0
course,0.0
crackdown,0.0
crawl,0.0
crashes,0.0
crashed,0.0
crash,0.0
cranky,0.0
cranks,0.0
craigslist,0.0
cracks,0.0
crackberry,0.0
court,0.0
crack,0.0
cozy,0.0
cozies,0.0
cows,0.0
cow,0.0
coveted,0.0
covers,0.0
courts,0.0
currentc,0.0
curtain,0.0
cords,0.0
ddos,0.0
decision,0.0
decides,0.0
decide,0.0
decade,0.0
debuts,0.0
debut,0.0
debt,0.0
debit,0.0
debate,0.0
deathblow,0.0
death,0.0
dear,0.0
dealt,0.0
deals,0.0
dealmaker,0.0
dealing,0.0
deal,0.0
deadly,0.0
deadliest,0.0
deck,0.0
decker,0.0
declares,0.0
defender,0.0
deflates,0.0
definitely,0.0
defines,0.0
defies,0.0
defensive,0.0
defense,0.0
defends,0.0
defending,0.0
defend,0.0
decline,0.0
defeats,0.0
default,0.0
deepmind,0.0
deeply,0.0
deep,0.0
deen,0.0
declining,0.0
declines,0.0
dead,0.0
dazzles,0.0
curve,0.0
dazzle,0.0
daddy,0.0
daddies,0.0
da,0.0
cyberspace,0.0
cybersecurity,0.0
cybercrimes,0.0
cybercrime,0.0
cyberattacks,0.0
cyber,0.0
cw,0.0
cvs,0.0
cutting,0.0
cuts,0.0
cut,0.0
custommade,0.0
customized,0.0
customers,0.0
customer,0.0
custom,0.0
daily,0.0
dallas,0.0
damage,0.0
database,0.0
days,0.0
day,0.0
davidson,0.0
david,0.0
dave,0.0
daughter,0.0
dating,0.0
date,0.0
data,0.0
dan,0.0
darts,0.0
darling,0.0
dark,0.0
daredevils,0.0
dangerous,0.0
danger,0.0
dancing,0.0
dance,0.0
core,0.0
cordless,0.0
city,0.0
cloudbleed,0.0
coffee,0.0
coding,0.0
codes,0.0
coder,0.0
codegirl,0.0
code,0.0
coca,0.0
coaster,0.0
coast,0.0
coal,0.0
coach,0.0
co,0.0
cnnmoney,0.0
cnn,0.0
cnbc,0.0
cmp,0.0
clutter,0.0
clunky,0.0
club,0.0
coffin,0.0
cofounder,0.0
coin,0.0
colombia,0.0
come,0.0
comcast,0.0
combines,0.0
combinator,0.0
combat,0.0
com,0.0
columnists,0.0
color,0.0
colleges,0.0
cola,0.0
college,0.0
collections,0.0
collection,0.0
collected,0.0
collect,0.0
collapse,0.0
cold,0.0
colbert,0.0
clout,0.0
cloud,0.0
comedy,0.0
clothing,0.0
clearing,0.0
cleared,0.0
clear,0.0
cleaning,0.0
clean,0.0
claws,0.0
claw,0.0
claus,0.0
classic,0.0
class,0.0
clash,0.0
clarity,0.0
clans,0.0
clamps,0.0
clamp,0.0
clamoring,0.0
claims,0.0
claim,0.0
civil,0.0
click,0.0
clicking,0.0
clicks,0.0
clone,0.0
clothes,0.0
closings,0.0
closing,0.0
closest,0.0
closes,0.0
closer,0.0
closed,0.0
close,0.0
clock,0.0
clients,0.0
clips,0.0
clip,0.0
clinton,0.0
clinics,0.0
clings,0.0
climbs,0.0
climate,0.0
cliff,0.0
comeback,0.0
comes,0.0
cord,0.0
connecting,0.0
contracts,0.0
contract,0.0
continues,0.0
continue,0.0
contestants,0.0
content,0.0
contains,0.0
contacts,0.0
contact,0.0
consumers,0.0
consumer,0.0
conspiracy,0.0
consoles,0.0
console,0.0
considers,0.0
considering,0.0
considered,0.0
conservative,0.0
conquer,0.0
contributions,0.0
control,0.0
controls,0.0
cool,0.0
copyright,0.0
copycats,0.0
copy,0.0
cops,0.0
cools,0.0
cooling,0.0
coolest,0.0
cooler,0.0
cookies,0.0
controversial,0.0
cook,0.0
coo,0.0
conway,0.0
convicts,0.0
conversations,0.0
conversation,0.0
conundrum,0.0
controversy,0.0
connects,0.0
connecticut,0.0
comfort,0.0
connected,0.0
competitor,0.0
competition,0.0
competes,0.0
compete,0.0
compelling,0.0
comparison,0.0
compares,0.0
company,0.0
companies,0.0
commuting,0.0
commute,0.0
communications,0.0
communal,0.0
commits,0.0
commercial,0.0
commerce,0.0
comments,0.0
commandeer,0.0
coming,0.0
complain,0.0
complaining,0.0
complaints,0.0
confederate,0.0
connect,0.0
congressmen,0.0
congressional,0.0
congress,0.0
confusion,0.0
conflict,0.0
confirms,0.0
conference,0.0
condemn,0.0
complete,0.0
concerns,0.0
concerned,0.0
con,0.0
computing,0.0
computers,0.0
computer,0.0
complicated,0.0
complexity,0.0
bonuses,0.0
boneheaded,0.0
degrees,0.0
adware,0.0
advice,0.0
advertise,0.0
advance,0.0
adults,0.0
adult,0.0
adt,0.0
ads,0.0
adrift,0.0
adrenaline,0.0
adopts,0.0
adobe,0.0
admob,0.0
admits,0.0
adds,0.0
addresses,0.0
address,0.0
adding,0.0
addiction,0.0
added,0.0
adviser,0.0
aerospace,0.0
bonds,0.0
affair,0.0
agree,0.0
ago,0.0
aging,0.0
aggressive,0.0
ages,0.0
agent,0.0
agencies,0.0
age,0.0
against,0.0
again,0.0
afternoon,0.0
after,0.0
africa,0.0
afraid,0.0
affordable,0.0
afford,0.0
affects,0.0
affect,0.0
affairs,0.0
add,0.0
adapt,0.0
adams,0.0
ad,0.0
access,0.0
accepts,0.0
accept,0.0
accentuate,0.0
accelerators,0.0
accelerator,0.0
accelerates,0.0
accelerate,0.0
abyss,0.0
abused,0.0
abuse,0.0
abroad,0.0
abrams,0.0
above,0.0
about,0.0
able,0.0
abandons,0.0
abandoning,0.0
aardman,0.0
accessory,0.0
accident,0.0
accidentally,0.0
act,0.0
actually,0.0
actors,0.0
activities,0.0
activist,0.0
activision,0.0
activations,0.0
activates,0.0
action,0.0
across,0.0
according,0.0
acquisitions,0.0
aclu,0.0
accuses,0.0
accused,0.0
accusations,0.0
accounts,0.0
accounting,0.0
account,0.0
agrees,0.0
agriculture,0.0
ahead,0.0
alter,0.0
among,0.0
amit,0.0
amid,0.0
americans,0.0
american,0.0
america,0.0
amendment,0.0
amd,0.0
amc,0.0
ambitions,0.0
amber,0.0
ambassador,0.0
amazing,0.0
ama,0.0
am,0.0
always,0.0
alum,0.0
alto,0.0
alters,0.0
amount,0.0
an,0.0
analyst,0.0
anew,0.0
anime,0.0
animations,0.0
animals,0.0
angry,0.0
angles,0.0
angie,0.0
angels,0.0
angeles,0.0
andy,0.0
analysts,0.0
androids,0.0
android,0.0
andrews,0.0
andrew,0.0
andreessen,0.0
andela,0.0
ancient,0.0
analytics,0.0
alternatives,0.0
also,0.0
ahmed,0.0
already,0.0
alawa,0.0
alarm,0.0
al,0.0
aka,0.0
airtime,0.0
airports,0.0
airplane,0.0
airlines,0.0
airline,0.0
airbnb,0.0
air,0.0
aims,0.0
aimed,0.0
aim,0.0
ailing,0.0
aig,0.0
aids,0.0
aid,0.0
ai,0.0
album,0.0
alcatel,0.0
alcoa,0.0
alliance,0.0
alphabet,0.0
almost,0.0
almond,0.0
allthingsd,0.0
allows,0.0
allowed,0.0
allow,0.0
allo,0.0
alleged,0.0
alert,0.0
allegations,0.0
all,0.0
alive,0.0
alipay,0.0
alibaba,0.0
ali,0.0
alexa,0.0
alerts,0.0
aapl,0.0
aaa,0.0
99,0.0
1989,0.0
2016,0.0
2015,0.0
2014,0.0
2013,0.0
2012,0.0
2011,0.0
2010,0.0
201,0.0
2009,0.0
2008,0.0
2007,0.0
2000,0.0
200,0.0
20,0.0
1st,0.0
1m,0.0
1b,0.0
19th,0.0
1999,0.0
2017,0.0
2018,0.0
2020,0.0
238,0.0
27,0.0
261,0.0
26,0.0
250,0.0
25,0.0
246,0.0
24,0.0
23andme,0.0
230,0.0
203,0.0
23,0.0
220,0.0
22,0.0
219,0.0
214,0.0
21,0.0
20k,0.0
2030,0.0
199,0.0
193,0.0
28,0.0
1929,0.0
130,0.0
13,0.0
129,0.0
126,0.0
120,0.0
12,0.0
11,0.0
10m,0.0
106,0.0
103,0.0
102,0.0
101,0.0
100k,0.0
100,0.0
10,0.0
09,0.0
08,0.0
07,0.0
06,0.0
133,0.0
135,0.0
13th,0.0
161,0.0
19,0.0
188,0.0
184,0.0
180,0.0
18,0.0
17k,0.0
170,0.0
17,0.0
160,0.0
14,0.0
16,0.0
1500,0.0
150,0.0
15,0.0
14b,0.0
149,0.0
148,0.0
140,0.0
275,0.0
280,0.0
97,0.0
4th,0.0
67,0.0
65,0.0
619,0.0
600,0.0
60,0.0
5s,0.0
5m,0.0
5g,0.0
58,0.0
57,0.0
555m,0.0
55,0.0
54,0.0
533,0.0
53,0.0
52,0.0
514,0.0
50b,0.0
500,0.0
68,0.0
69,0.0
6s,0.0
80,0.0
95,0.0
90s,0.0
900,0.0
90,0.0
8k,0.0
859,0.0
83,0.0
800,0.0
7th,0.0
70,0.0
79,0.0
77,0.0
760,0.0
750,0.0
75,0.0
730,0.0
71,0.0
700,0.0
50,0.0
4s,0.0
29,0.0
4g,0.0
378,0.0
37,0.0
365,0.0
360,0.0
36,0.0
350,0.0
340,0.0
333,0.0
330,0.0
33,0.0
329,0.0
32,0.0
31,0.0
300,0.0
30,0.0
2q,0.0
2nd,0.0
2k,0.0
299,0.0
38,0.0
380,0.0
39,0.0
420,0.0
499,0.0
488,0.0
47,0.0
45,0.0
445,0.0
430,0.0
43,0.0
423,0.0
42,0.0
3d,0.0
417,0.0
415,0.0
411,0.0
401,0.0
400,0.0
40,0.0
3rd,0.0
3m,0.0
anna,0.0
anne,0.0
anniversary,0.0
bebo,0.0
believe,0.0
being,0.0
beijing,0.0
behind,0.0
behemoths,0.0
behavior,0.0
behaving,0.0
begins,0.0
beginning,0.0
before,0.0
beer,0.0
been,0.0
beefed,0.0
bed,0.0
becoming,0.0
becomes,0.0
become,0.0
beck,0.0
because,0.0
believes,0.0
bells,0.0
belong,0.0
bet,0.0
bezos,0.0
beyond,0.0
beware,0.0
beverage,0.0
betting,0.0
better,0.0
bets,0.0
betaworks,0.0
bestiality,0.0
below,0.0
best,0.0
berry,0.0
bernardino,0.0
bernanke,0.0
berlin,0.0
berkshire,0.0
benefits,0.0
beluga,0.0
became,0.0
beauty,0.0
bibliotech,0.0
beautifully,0.0
bartz,0.0
bars,0.0
barry,0.0
barrier,0.0
barra,0.0
barney,0.0
barnes,0.0
barn,0.0
bargains,0.0
bargain,0.0
barely,0.0
barefoot,0.0
barbie,0.0
barbarians,0.0
bans,0.0
banned,0.0
banks,0.0
bankruptcy,0.0
bankers,0.0
based,0.0
bash,0.0
bathroom,0.0
bear,0.0
beautiful,0.0
beats,0.0
beatles,0.0
beatlemania,0.0
beating,0.0
beat,0.0
bears,0.0
bearing,0.0
beam,0.0
battered,0.0
be,0.0
bbx,0.0
bb10,0.0
battling,0.0
battles,0.0
battleground,0.0
battle,0.0
battery,0.0
biased,0.0
bid,0.0
banked,0.0
blatant,0.0
bloomberg,0.0
bloodbath,0.0
blood,0.0
blogger,0.0
blog,0.0
blocks,0.0
blocking,0.0
blocked,0.0
blockbuster,0.0
block,0.0
blizzard,0.0
bliss,0.0
blinks,0.0
blindness,0.0
blind,0.0
blimp,0.0
bleeding,0.0
bleakberry,0.0
bleak,0.0
bloomingdales,0.0
blooper,0.0
blow,0.0
boeing,0.0
bond,0.0
bombshell,0.0
bomb,0.0
bold,0.0
bogus,0.0
boggling,0.0
bofi,0.0
bofa,0.0
body,0.0
blowout,0.0
boards,0.0
board,0.0
bmw,0.0
blunder,0.0
bluetooth,0.0
blues,0.0
blue,0.0
blows,0.0
blazing,0.0
blasts,0.0
bidders,0.0
blast,0.0
bionic,0.0
bioelectronic,0.0
binge,0.0
bing,0.0
bin,0.0
bills,0.0
billions,0.0
billionaires,0.0
billionaire,0.0
billion,0.0
billboards,0.0
bill,0.0
bike,0.0
biggest,0.0
bigger,0.0
big,0.0
bieber,0.0
bids,0.0
bidding,0.0
biotech,0.0
bird,0.0
birds,0.0
blackberrys,0.0
blankfein,0.0
blaming,0.0
blames,0.0
blamed,0.0
blame,0.0
blackphone,0.0
blackout,0.0
blacklist,0.0
blackberry,0.0
birth,0.0
black,0.0
bizarro,0.0
biz,0.0
bittorrent,0.0
bitter,0.0
bitcoins,0.0
bitcoin,0.0
birthday,0.0
banker,0.0
bank,0.0
announce,0.0
apps,0.0
arrived,0.0
arrive,0.0
arrival,0.0
arrests,0.0
arrested,0.0
around,0.0
armstrong,0.0
armour,0.0
armageddon,0.0
arm,0.0
arizona,0.0
arena,0.0
areas,0.0
are,0.0
arctic,0.0
archive,0.0
arabia,0.0
aquantive,0.0
april,0.0
arriving,0.0
arrogant,0.0
art,0.0
ask,0.0
assets,0.0
assembling,0.0
assembles,0.0
assault,0.0
ass,0.0
aspirations,0.0
asks,0.0
asking,0.0
aside,0.0
artificial,0.0
asian,0.0
asia,0.0
ashton,0.0
ashley,0.0
asap,0.0
as,0.0
arts,0.0
artists,0.0
appstore,0.0
approves,0.0
assistant,0.0
approve,0.0
anybody,0.0
any,0.0
anxieties,0.0
antitrust,0.0
antique,0.0
antipoaching,0.0
anticipation,0.0
anti,0.0
answers,0.0
answered,0.0
answer,0.0
another,0.0
anonymous,0.0
annual,0.0
annoying,0.0
announces,0.0
announcements,0.0
announcement,0.0
announced,0.0
anymore,0.0
anyone,0.0
anything,0.0
appearing,0.0
approval,0.0
appointments,0.0
appointment,0.0
applications,0.0
applicants,0.0
appliances,0.0
applepay,0.0
apple,0.0
appeal,0.0
anytime,0.0
apparent,0.0
app,0.0
apologizes,0.0
apologies,0.0
ap,0.0
aol,0.0
anywhere,0.0
anyway,0.0
assist,0.0
assistants,0.0
bang,0.0
await,0.0
backs,0.0
backlash,0.0
backfires,0.0
backfire,0.0
backed,0.0
backdoor,0.0
back,0.0
bachelor,0.0
baby,0.0
axe,0.0
ax,0.0
awkward,0.0
awful,0.0
awesome,0.0
away,0.0
aware,0.0
awards,0.0
award,0.0
awaits,0.0
bacon,0.0
bad,0.0
badges,0.0
balanced,0.0
bandwagon,0.0
band,0.0
ban,0.0
ballot,0.0
balloons,0.0
ballmer,0.0
ball,0.0
balancing,0.0
bakery,0.0
badly,0.0
baits,0.0
bait,0.0
bailout,0.0
bail,0.0
baidu,0.0
bahl,0.0
bag,0.0
bae,0.0
awaited,0.0
avon,0.0
associated,0.0
avoiding,0.0
au,0.0
attracts,0.0
attract,0.0
attorney,0.0
attention,0.0
attendees,0.0
attempt,0.0
attacks,0.0
attacking,0.0
attack,0.0
atms,0.0
atlas,0.0
atlanta,0.0
athletes,0.0
atari,0.0
at,0.0
astronauts,0.0
astronaut,0.0
astray,0.0
auction,0.0
audi,0.0
audio,0.0
automatically,0.0
avoid,0.0
avenue,0.0
available,0.0
autopilot,0.0
autonomy,0.0
autonomous,0.0
automobiles,0.0
automation,0.0
automatic,0.0
augmented,0.0
automated,0.0
automakers,0.0
auto,0.0
authoritarian,0.0
austin,0.0
austerity,0.0
aussie,0.0
august,0.0
degree,0.0
delay,0.0
kunal,0.0
headhunters,0.0
headache,0.0
head,0.0
he,0.0
hdx,0.0
hd,0.0
hbo,0.0
hawking,0.0
having,0.0
havens,0.0
have,0.0
hats,0.0
hathaway,0.0
hath,0.0
hates,0.0
hated,0.0
hateable,0.0
hate,0.0
hatchimals,0.0
hatched,0.0
headed,0.0
heading,0.0
fury,0.0
headphone,0.0
hebdo,0.0
heavyweights,0.0
heavy,0.0
heavies,0.0
heavier,0.0
heats,0.0
heat,0.0
hearts,0.0
heartbroken,0.0
heartbleed,0.0
heart,0.0
heard,0.0
hear,0.0
heap,0.0
healthcare,0.0
health,0.0
headsets,0.0
headset,0.0
heads,0.0
hasn,0.0
hashtag,0.0
hasbro,0.0
has,0.0
handle,0.0
handbasket,0.0
hand,0.0
hammered,0.0
halts,0.0
halt,0.0
halo,0.0
halloween,0.0
hall,0.0
half,0.0
haiti,0.0
haircut,0.0
hailing,0.0
hail,0.0
had,0.0
hacks,0.0
hacking,0.0
hackers,0.0
hacker,0.0
hands,0.0
handshake,0.0
hang,0.0
harassment,0.0
harvard,0.0
harry,0.0
harman,0.0
harley,0.0
hardware,0.0
harder,0.0
hardballs,0.0
hard,0.0
harassed,0.0
hangar,0.0
happy,0.0
happiness,0.0
happens,0.0
happened,0.0
happen,0.0
hangs,0.0
hangouts,0.0
hanging,0.0
heck,0.0
hedge,0.0
heir,0.0
hitler,0.0
holy,0.0
hololens,0.0
holographic,0.0
holmes,0.0
hollywood,0.0
holidays,0.0
holiday,0.0
holes,0.0
hole,0.0
holds,0.0
holdings,0.0
holding,0.0
holder,0.0
hold,0.0
hoax,0.0
hoarding,0.0
hoard,0.0
ho,0.0
hitting,0.0
home,0.0
homebuyers,0.0
homeland,0.0
honors,0.0
hopes,0.0
hopefully,0.0
hope,0.0
hooray,0.0
hooli,0.0
hook,0.0
hood,0.0
hoo,0.0
honk,0.0
homeless,0.0
hong,0.0
honeycomb,0.0
honda,0.0
honcho,0.0
homicide,0.0
hometown,0.0
homes,0.0
homepage,0.0
hits,0.0
hit,0.0
heirs,0.0
history,0.0
high,0.0
hides,0.0
hide,0.0
hidden,0.0
hi,0.0
hey,0.0
hewlett,0.0
heuer,0.0
here,0.0
her,0.0
hel,0.0
helps,0.0
helping,0.0
helpful,0.0
helped,0.0
help,0.0
helluva,0.0
hello,0.0
hell,0.0
higher,0.0
highest,0.0
highlights,0.0
hint,0.0
hispanic,0.0
his,0.0
hiring,0.0
hires,0.0
hired,0.0
hire,0.0
hipster,0.0
hints,0.0
him,0.0
highly,0.0
hilton,0.0
hillary,0.0
hiking,0.0
hikes,0.0
hike,0.0
hijacked,0.0
hijack,0.0
highs,0.0
hacked,0.0
hack,0.0
guys,0.0
geezers,0.0
gigwalk,0.0
gifts,0.0
gift,0.0
giants,0.0
giant,0.0
ghonim,0.0
getting,0.0
gettin,0.0
gets,0.0
get,0.0
gesture,0.0
germany,0.0
german,0.0
geopolitical,0.0
geolocate,0.0
genius,0.0
genetic,0.0
generation,0.0
general,0.0
gimmick,0.0
gimmicky,0.0
gimmie,0.0
glare,0.0
global,0.0
glitches,0.0
glitch,0.0
glimpse,0.0
glenn,0.0
glaxosmithkline,0.0
glasses,0.0
glass,0.0
gizmos,0.0
gina,0.0
giving,0.0
gives,0.0
givers,0.0
give,0.0
girls,0.0
girlfriend,0.0
girl,0.0
ginni,0.0
gender,0.0
geeks,0.0
glue,0.0
gearing,0.0
game,0.0
gambling,0.0
gamble,0.0
gambit,0.0
galaxyberry,0.0
galaxy,0.0
gains,0.0
gaining,0.0
gain,0.0
gags,0.0
gadgets,0.0
gadget,0.0
ga,0.0
futurists,0.0
futuristic,0.0
futurist,0.0
futures,0.0
future,0.0
futile,0.0
gamer,0.0
games,0.0
gaming,0.0
gathers,0.0
gear,0.0
ge,0.0
gdp,0.0
gb,0.0
gazprom,0.0
gaza,0.0
gay,0.0
gave,0.0
gates,0.0
gang,0.0
gate,0.0
gas,0.0
garmin,0.0
garages,0.0
garage,0.0
gaps,0.0
gap,0.0
ganging,0.0
gloomy,0.0
gm,0.0
guy,0.0
grants,0.0
ground,0.0
gross,0.0
groove,0.0
groom,0.0
grocery,0.0
gripped,0.0
grip,0.0
grinch,0.0
grim,0.0
grilled,0.0
grieving,0.0
grid,0.0
greenspan,0.0
green,0.0
greek,0.0
greed,0.0
greece,0.0
greatest,0.0
great,0.0
grounded,0.0
group,0.0
groupon,0.0
guide,0.0
guru,0.0
guns,0.0
gunning,0.0
gundotra,0.0
gun,0.0
gulf,0.0
guilty,0.0
guidelines,0.0
guidance,0.0
groups,0.0
guest,0.0
guardian,0.0
guarantee,0.0
growth,0.0
grows,0.0
grown,0.0
growing,0.0
grow,0.0
graph,0.0
grannies,0.0
gmail,0.0
grandma,0.0
goog,0.0
goodbye,0.0
good,0.0
gonna,0.0
gone,0.0
goldmine,0.0
goldman,0.0
golden,0.0
goldberg,0.0
gold,0.0
going,0.0
gogo,0.0
goggles,0.0
goes,0.0
godaddy,0.0
gobbling,0.0
gobbles,0.0
goals,0.0
go,0.0
google,0.0
googled,0.0
googler,0.0
governor,0.0
grand,0.0
grail,0.0
graduation,0.0
grads,0.0
grad,0.0
grab,0.0
gps,0.0
governors,0.0
governments,0.0
googlers,0.0
government,0.0
gov,0.0
got,0.0
gore,0.0
gopro,0.0
gop,0.0
gootube,0.0
googling,0.0
hoping,0.0
horns,0.0
horribly,0.0
itself,0.0
jeff,0.0
jeb,0.0
jealous,0.0
jds,0.0
java,0.0
jatropha,0.0
jason,0.0
japanese,0.0
japan,0.0
january,0.0
jan,0.0
jailbreaking,0.0
jacksonville,0.0
jack,0.0
iwatch,0.0
ivy,0.0
ivies,0.0
ive,0.0
iv,0.0
jeopardy,0.0
jeremy,0.0
jerk,0.0
jigsaw,0.0
jobs,0.0
jobless,0.0
job,0.0
jj,0.0
jittery,0.0
jitters,0.0
jinping,0.0
jihadists,0.0
jfk,0.0
jerry,0.0
jews,0.0
jewish,0.0
jewelry,0.0
jetsons,0.0
jets,0.0
jetblue,0.0
jet,0.0
jesuischarlie,0.0
itunes,0.0
its,0.0
johnson,0.0
items,0.0
ire,0.0
iran,0.0
iq,0.0
ipv6,0.0
ipoville,0.0
ipos,0.0
ipod,0.0
ipo,0.0
iphones,0.0
iphone,0.0
iphlop,0.0
ipads,0.0
ipad,0.0
iowa,0.0
ios,0.0
iodide,0.0
invites,0.0
invests,0.0
investors,0.0
ireland,0.0
iris,0.0
irks,0.0
israel,0.0
item,0.0
italy,0.0
italian,0.0
ita,0.0
it,0.0
issues,0.0
issue,0.0
israeli,0.0
isps,0.0
iron,0.0
isolationism,0.0
isn,0.0
ism,0.0
island,0.0
isis,0.0
is,0.0
irs,0.0
irreverent,0.0
john,0.0
join,0.0
investment,0.0
kickback,0.0
king,0.0
kinects,0.0
kinect,0.0
kindle,0.0
kind,0.0
kin,0.0
killswitch,0.0
kills,0.0
killing,0.0
killer,0.0
killed,0.0
kill,0.0
kilar,0.0
kieran,0.0
kids,0.0
kid,0.0
kickstarter,0.0
kicks,0.0
kickoff,0.0
kiosks,0.0
kiss,0.0
kitten,0.0
knows,0.0
005,0.0
kreyos,0.0
kremlin,0.0
kors,0.0
korea,0.0
kong,0.0
kodak,0.0
knox,0.0
known,0.0
klarna,0.0
know,0.0
knocking,0.0
knocked,0.0
knock,0.0
knightley,0.0
knew,0.0
knee,0.0
kleiner,0.0
kicked,0.0
kick,0.0
joins,0.0
keystrokes,0.0
jury,0.0
junkies,0.0
junkie,0.0
junk,0.0
june,0.0
jumps,0.0
jumping,0.0
jump,0.0
july,0.0
juice,0.0
judge,0.0
joy,0.0
journey,0.0
journalists,0.0
journal,0.0
joshua,0.0
joost,0.0
jony,0.0
joke,0.0
just,0.0
justice,0.0
justices,0.0
keira,0.0
keys,0.0
keyboard,0.0
key,0.0
kettle,0.0
kerry,0.0
kenya,0.0
kellyanne,0.0
kellogg,0.0
keeps,0.0
justin,0.0
keeping,0.0
keep,0.0
kayak,0.0
kate,0.0
karma,0.0
kansas,0.0
kaine,0.0
kagan,0.0
investor,0.0
investing,0.0
horror,0.0
hurting,0.0
idc,0.0
id,0.0
icy,0.0
icons,0.0
icon,0.0
icloud,0.0
ice,0.0
icar,0.0
icahn,0.0
ibooks,0.0
ibm,0.0
ian,0.0
iac,0.0
hypes,0.0
hyperloop,0.0
hype,0.0
hybrids,0.0
hybrid,0.0
husband,0.0
idea,0.0
ideal,0.0
idealists,0.0
ii,0.0
immigrant,0.0
imaging,0.0
imagine,0.0
image,0.0
illegally,0.0
illegal,0.0
ill,0.0
ikea,0.0
ihype,0.0
ideas,0.0
ignore,0.0
ifrenzy,0.0
if,0.0
ie10,0.0
ids,0.0
idol,0.0
idiot,0.0
identity,0.0
hurts,0.0
hurt,0.0
immigration,0.0
hurricane,0.0
hp,0.0
howdy,0.0
how,0.0
housing,0.0
house,0.0
hours,0.0
hour,0.0
hottest,0.0
hotspots,0.0
hotshot,0.0
hotmail,0.0
hotels,0.0
hotel,0.0
hot,0.0
hosts,0.0
hosting,0.0
hospital,0.0
horsemen,0.0
horrors,0.0
hq,0.0
hr,0.0
htc,0.0
humans,0.0
hurdles,0.0
hurdle,0.0
hurd,0.0
hunting,0.0
hunter,0.0
hunt,0.0
hungry,0.0
hundreds,0.0
human,0.0
html5,0.0
hum,0.0
hulu,0.0
hugs,0.0
hugo,0.0
huge,0.0
huffpo,0.0
hubby,0.0
hub,0.0
immigrants,0.0
imminent,0.0
investigation,0.0
innovator,0.0
intentional,0.0
intensifies,0.0
intelligence,0.0
intel,0.0
insulting,0.0
insult,0.0
instead,0.0
instant,0.0
installed,0.0
instagram,0.0
insights,0.0
insiders,0.0
insider,0.0
inside,0.0
insanity,0.0
insanely,0.0
insane,0.0
ins,0.0
inquiry,0.0
interacts,0.0
interest,0.0
interested,0.0
invention,0.0
investigating,0.0
investigated,0.0
investigate,0.0
invested,0.0
invest,0.0
inventors,0.0
inventive,0.0
inventions,0.0
invades,0.0
interesting,0.0
introduces,0.0
introduce,0.0
into,0.0
interview,0.0
internships,0.0
interns,0.0
internet,0.0
international,0.0
innovators,0.0
innovations,0.0
impacts,0.0
innovation,0.0
indefinitely,0.0
incubators,0.0
incredibly,0.0
income,0.0
include,0.0
incident,0.0
inches,0.0
inch,0.0
inbox,0.0
in,0.0
improvements,0.0
improved,0.0
improve,0.0
impressions,0.0
impress,0.0
impossible,0.0
important,0.0
importance,0.0
import,0.0
index,0.0
india,0.0
indian,0.0
infinity,0.0
innovate,0.0
ink,0.0
injuries,0.0
initial,0.0
ing,0.0
info,0.0
influence,0.0
inflation,0.0
infinite,0.0
indians,0.0
infections,0.0
infected,0.0
inexperienced,0.0
inequality,0.0
industry,0.0
inducing,0.0
individual,0.0
indiegogo,0.0
fusion,0.0
furniture,0.0
delayed,0.0
duty,0.0
during,0.0
durable,0.0
duper,0.0
duopoly,0.0
duo,0.0
dumps,0.0
dumping,0.0
dummy,0.0
dumbest,0.0
dumb,0.0
due,0.0
dude,0.0
duct,0.0
dubai,0.0
dry,0.0
drugs,0.0
drug,0.0
drudge,0.0
drops,0.0
dust,0.0
dvd,0.0
funk,0.0
dying,0.0
eaten,0.0
eat,0.0
easyjet,0.0
easy,0.0
eastern,0.0
easter,0.0
east,0.0
easier,0.0
eases,0.0
ease,0.0
earthquake,0.0
earthlink,0.0
earth,0.0
earnings,0.0
earning,0.0
early,0.0
earbuds,0.0
each,0.0
ea,0.0
dropped,0.0
dropcam,0.0
dropbox,0.0
drop,0.0
draconian,0.0
dr,0.0
dozens,0.0
downturn,0.0
downloads,0.0
downloaded,0.0
download,0.0
downgraded,0.0
downer,0.0
down,0.0
dow,0.0
doubts,0.0
doubling,0.0
doubles,0.0
doubled,0.0
doubleclick,0.0
double,0.0
dotcom,0.0
dot,0.0
draft,0.0
drag,0.0
dragging,0.0
drift,0.0
drones,0.0
drone,0.0
droid,0.0
driving,0.0
drivers,0.0
driverless,0.0
drive,0.0
drink,0.0
dress,0.0
drain,0.0
dreamworks,0.0
dreams,0.0
dream,0.0
dreading,0.0
dreaded,0.0
draws,0.0
draw,0.0
dramatically,0.0
eating,0.0
eats,0.0
eavesdropping,0.0
else,0.0
enabling,0.0
enables,0.0
employers,0.0
employer,0.0
employees,0.0
employee,0.0
empire,0.0
emotions,0.0
emojis,0.0
emoji,0.0
emissions,0.0
emi,0.0
emergency,0.0
emc,0.0
embracing,0.0
embrace,0.0
embarrassing,0.0
emails,0.0
email,0.0
encryption,0.0
encyclopedia,0.0
end,0.0
enjoy,0.0
entrepreneurs,0.0
entrepreneur,0.0
entire,0.0
entertainment,0.0
enters,0.0
enterprise,0.0
enough,0.0
enormous,0.0
engines,0.0
endangered,0.0
engineers,0.0
engineer,0.0
engine,0.0
energy,0.0
enemy,0.0
ends,0.0
ending,0.0
endangers,0.0
elves,0.0
elsa,0.0
ebay,0.0
elop,0.0
effort,0.0
effect,0.0
eeo,0.0
edward,0.0
education,0.0
editorial,0.0
editor,0.0
edition,0.0
editing,0.0
edit,0.0
edged,0.0
edge,0.0
ed,0.0
economy,0.0
economic,0.0
econ,0.0
eclipse,0.0
echo,0.0
ebola,0.0
efforts,0.0
egg,0.0
ego,0.0
electronics,0.0
elon,0.0
elmo,0.0
ellison,0.0
elizabeth,0.0
elite,0.0
eliminates,0.0
elephant,0.0
elena,0.0
electronic,0.0
egypt,0.0
electric,0.0
elections,0.0
election,0.0
elderly,0.0
ekes,0.0
either,0.0
eisner,0.0
eight,0.0
dorsey,0.0
doritos,0.0
doors,0.0
deter,0.0
die,0.0
didn,0.0
did,0.0
dickerson,0.0
dice,0.0
dialup,0.0
dial,0.0
devil,0.0
devices,0.0
device,0.0
develops,0.0
development,0.0
developer,0.0
develop,0.0
devastated,0.0
deutsche,0.0
detroit,0.0
detox,0.0
detour,0.0
died,0.0
diehards,0.0
dies,0.0
diller,0.0
direct,0.0
dips,0.0
dip,0.0
dinosaurs,0.0
dinosaur,0.0
dings,0.0
dims,0.0
dim,0.0
dilemma,0.0
dieselgate,0.0
dilbert,0.0
digital,0.0
digit,0.0
diggity,0.0
digg,0.0
difficulties,0.0
differentiated,0.0
different,0.0
dethrone,0.0
detectives,0.0
directors,0.0
details,0.0
demolished,0.0
demographic,0.0
democratic,0.0
demo,0.0
demands,0.0
demand,0.0
deluged,0.0
deluge,0.0
delphi,0.0
dell,0.0
delivery,0.0
delivers,0.0
deliveries,0.0
deliver,0.0
delight,0.0
delhi,0.0
deletes,0.0
delete,0.0
delays,0.0
denial,0.0
denied,0.0
denmark,0.0
designers,0.0
destruct,0.0
destroy,0.0
despite,0.0
desperately,0.0
desperate,0.0
desktop,0.0
desk,0.0
designs,0.0
designer,0.0
deny,0.0
designed,0.0
design,0.0
deserve,0.0
depot,0.0
departure,0.0
departs,0.0
department,0.0
depart,0.0
director,0.0
directory,0.0
door,0.0
dividend,0.0
doing,0.0
dogs,0.0
dog,0.0
doesn,0.0
does,0.0
doerr,0.0
dodging,0.0
dodges,0.0
dodge,0.0
documents,0.0
documentary,0.0
docs,0.0
docked,0.0
doa,0.0
do,0.0
dnschanger,0.0
dmv,0.0
diy,0.0
divx,0.0
doj,0.0
dollar,0.0
dollars,0.0
donated,0.0
doodles,0.0
doodler,0.0
doodle,0.0
donuts,0.0
donor,0.0
donations,0.0
donation,0.0
donates,0.0
donate,0.0
domain,0.0
donald,0.0
don,0.0
domino,0.0
domination,0.0
dominated,0.0
dominate,0.0
dominance,0.0
domains,0.0
dividends,0.0
divide,0.0
directv,0.0
dives,0.0
dislike,0.0
dishes,0.0
discuss,0.0
discriminatory,0.0
discrimination,0.0
discovery,0.0
discounts,0.0
discloses,0.0
disasters,0.0
disaster,0.0
disappoints,0.0
disappointment,0.0
disappointing,0.0
disappoint,0.0
disappear,0.0
disagrees,0.0
disabling,0.0
disabled,0.0
dirty,0.0
dismantled,0.0
dismiss,0.0
disney,0.0
ditched,0.0
diversity,0.0
diversifying,0.0
diversified,0.0
diverse,0.0
divergent,0.0
dive,0.0
ditching,0.0
ditches,0.0
ditch,0.0
disneylife,0.0
disturbing,0.0
dissing,0.0
disruption,0.0
disrupting,0.0
disrupters,0.0
dispute,0.0
displays,0.0
display,0.0
entrepreneurship,0.0
entry,0.0
environment,0.0
finest,0.0
fixes,0.0
fixed,0.0
fix,0.0
five,0.0
fitness,0.0
fitch,0.0
fitbit,0.0
fiscal,0.0
fisa,0.0
first,0.0
firms,0.0
firm,0.0
firewall,0.0
fires,0.0
firefox,0.0
fired,0.0
fire,0.0
finnish,0.0
finishes,0.0
fixing,0.0
fizzle,0.0
flag,0.0
flexes,0.0
flirts,0.0
flipboard,0.0
flip,0.0
flings,0.0
fling,0.0
flight,0.0
flies,0.0
flexible,0.0
fleeing,0.0
flags,0.0
flaws,0.0
flaw,0.0
flaunt,0.0
flatscreen,0.0
flat,0.0
flash,0.0
flares,0.0
flap,0.0
finish,0.0
fines,0.0
flood,0.0
fined,0.0
fighting,0.0
fight,0.0
fifth,0.0
fielding,0.0
field,0.0
fido,0.0
fidelity,0.0
fiddle,0.0
fictional,0.0
fiber,0.0
fianc,0.0
fi,0.0
fewer,0.0
few,0.0
fever,0.0
feud,0.0
fetishize,0.0
festival,0.0
fertility,0.0
fights,0.0
figure,0.0
file,0.0
finale,0.0
fine,0.0
finds,0.0
finding,0.0
find,0.0
financials,0.0
financial,0.0
finally,0.0
finalists,0.0
final,0.0
files,0.0
filters,0.0
filtering,0.0
filter,0.0
filson,0.0
films,0.0
film,0.0
fills,0.0
filing,0.0
flock,0.0
floor,0.0
ferguson,0.0
foursquare,0.0
friend,0.0
friday,0.0
fresh,0.0
french,0.0
freebies,0.0
freebie,0.0
free,0.0
freaky,0.0
freakout,0.0
freaked,0.0
freak,0.0
fraud,0.0
franken,0.0
francisco,0.0
francis,0.0
france,0.0
fragmented,0.0
foxconn,0.0
fox,0.0
friendly,0.0
friends,0.0
from,0.0
fueled,0.0
funds,0.0
fundraising,0.0
funding,0.0
fund,0.0
fun,0.0
full,0.0
fuji,0.0
fuels,0.0
fuelband,0.0
frommer,0.0
fuel,0.0
ftc,0.0
fry,0.0
frustration,0.0
frustrating,0.0
frozen,0.0
frowns,0.0
frontier,0.0
fourth,0.0
four,0.0
flop,0.0
founderscard,0.0
footprints,0.0
footing,0.0
football,0.0
fools,0.0
foolish,0.0
food,0.0
following,0.0
follow,0.0
foldable,0.0
foiled,0.0
foe,0.0
focusing,0.0
focus,0.0
flying,0.0
fly,0.0
fluff,0.0
flourish,0.0
flops,0.0
flopped,0.0
footsteps,0.0
force,0.0
forces,0.0
former,0.0
founders,0.0
founder,0.0
founded,0.0
found,0.0
forward,0.0
fortune,0.0
fortifies,0.0
formidable,0.0
forgotten,0.0
ford,0.0
forgot,0.0
forget,0.0
forever,0.0
foreigners,0.0
foreign,0.0
foreclosures,0.0
forecasts,0.0
forecast,0.0
ferrari,0.0
fend,0.0
envy,0.0
except,0.0
expected,0.0
expectations,0.0
expect,0.0
expansion,0.0
expands,0.0
expand,0.0
exodus,0.0
exit,0.0
exist,0.0
executives,0.0
executive,0.0
execution,0.0
execs,0.0
exec,0.0
excuses,0.0
excuse,0.0
exclusive,0.0
exclamation,0.0
excitement,0.0
expedia,0.0
expense,0.0
expensive,0.0
explore,0.0
extinction,0.0
extension,0.0
extends,0.0
extend,0.0
express,0.0
exposes,0.0
explosions,0.0
explorer,0.0
exploited,0.0
experience,0.0
exploitation,0.0
exploit,0.0
explode,0.0
explained,0.0
explain,0.0
expires,0.0
experts,0.0
expert,0.0
excited,0.0
excellent,0.0
extra,0.0
excavating,0.0
ethical,0.0
etfs,0.0
etf,0.0
estimates,0.0
estate,0.0
essentials,0.0
escape,0.0
erupts,0.0
error,0.0
erin,0.0
eric,0.0
erased,0.0
era,0.0
equity,0.0
equal,0.0
epix,0.0
episodes,0.0
epicfail,0.0
epic,0.0
eu,0.0
euphoria,0.0
euro,0.0
every,0.0
exactly,0.0
ex,0.0
evolution,0.0
evil,0.0
everywhere,0.0
everything,0.0
everyone,0.0
everybody,0.0
everest,0.0
europe,0.0
ever,0.0
eventually,0.0
events,0.0
event,0.0
even,0.0
evasion,0.0
evan,0.0
european,0.0
extortion,0.0
extraterrestrials,0.0
feminist,0.0
farm,0.0
fbi,0.0
fb,0.0
favors,0.0
favorite,0.0
fault,0.0
father,0.0
fated,0.0
fate,0.0
fat,0.0
fastest,0.0
faster,0.0
fast,0.0
fashionistas,0.0
fashion,0.0
fascism,0.0
fascinator,0.0
farmville,0.0
farms,0.0
farmers,0.0
fcc,0.0
fda,0.0
fear,0.0
feeds,0.0
female,0.0
fell,0.0
felix,0.0
feet,0.0
fees,0.0
feels,0.0
feeling,0.0
feel,0.0
feed,0.0
fears,0.0
feds,0.0
fedex,0.0
federal,0.0
fed,0.0
february,0.0
features,0.0
feature,0.0
feats,0.0
farmer,0.0
farewell,0.0
extreme,0.0
fared,0.0
facts,0.0
factor,0.0
facing,0.0
facial,0.0
facetune,0.0
facetime,0.0
faces,0.0
facepalm,0.0
facebook,0.0
face,0.0
fabulous,0.0
fabrice,0.0
fab,0.0
faa,0.0
eyes,0.0
eyeball,0.0
eye,0.0
exxon,0.0
extremely,0.0
fade,0.0
fades,0.0
fading,0.0
falls,0.0
far,0.0
fans,0.0
fang,0.0
families,0.0
famed,0.0
falter,0.0
falsely,0.0
falsehoods,0.0
falling,0.0
fail,0.0
fallen,0.0
fall,0.0
fake,0.0
fair,0.0
failure,0.0
fails,0.0
failing,0.0
failed,0.0
zynga,0.0
